CustomerId,PhoneNumber,cname
0,1,Althea Cruickshank
1,30,Mike Hudson
2,410,Jamey Johnston
3,401564,Demarco Emard
4,439861,Arno Halvorson DVM
5,2147483647,Jeramy Sauer
6,295,Lawrence Hoeger
7,417049,Aimee Metz
8,2147483647,Henry Willms
9,51,Ramona Jerde
10,8,Antonette Boyle
11,14,Prof. Sunny Olson DV
12,0,Citlalli Abernathy
13,1,Lorenzo Cartwright
14,2147483647,Cassandra Daniel IV
15,16,Lela Kiehn
16,520935,Dr. Hollis Stark I
17,956,Georgiana Runolfsson
18,2147483647,Mr. Jeremie Stoltenb
19,750972720,Griffin Watsica IV
20,431246,Hyman Fritsch
21,2147483647,Velva Schiller
22,0,Ella Turner
23,1,Adella Blanda
24,0,Tom Cruickshank
25,1,Dr. Erica Schumm
26,58,Allan Schulist
28,1,Torey Lehner Jr.
29,1,Lina Kutch
30,1,Carley Schowalter
31,802795,Reginald Greenholt
32,1,Zaria Feil
34,0,Kianna Dickens
35,655667,Dariana Nitzsche
36,39,Bryon Jast
37,325250,Wendy Christiansen
38,24,Frankie Nader PhD
40,2147483647,Carleton Koepp Jr.
41,213710,Lela Steuber
43,542354,Mrs. Charity Herman
45,1,Dr. Arlie Kling DDS
46,1,Zoe Homenick
47,242,Milton Kling
48,1,Dr. Maximus Gutmann
49,17,Mr. Anibal Monahan D
50,109,Jaquan Jacobi
52,1,Dr. Dylan Littel
54,0,Carmen Graham
56,2147483647,Rahsaan Olson
57,349,Daron Schulist
58,1,Retta Bergstrom DDS
60,2147483647,Rhianna Rutherford
62,12,Onie Wisoky
63,2147483647,Caitlyn Abshire
64,14,Arjun Bauch
65,1,Ms. Marge Beer
67,2147483647,Maynard Will
68,546,Jane McGlynn
69,380,Kasey Glover
70,1,Miss Alvina Klein MD
72,836296,Deonte Raynor
73,83851,Krystal Koelpin
74,211575,Barbara Wintheiser
76,541,Elmo O'Hara
77,0,Elinor Lynch
78,76,Dr. Shemar Boyer I
79,926,Cassidy Stiedemann S
80,1,Rahsaan Kutch MD
81,1,Cordia Monahan IV
82,509,Prof. Chyna Kling
83,298355,Thelma Donnelly
84,0,Eldridge Boyer
86,1,Ms. Madaline Mann DD
87,824,Prof. Kyle Kemmer DD
88,413,Wilburn Corwin
89,0,Mrs. Beverly Zemlak 
90,0,Miss Veda Moore DVM
92,0,Alexa Lakin
94,959534,Dr. Tommie Christian
95,9,Meaghan Nikolaus II
96,662083,Sunny Mayert
98,986,Kimberly Walker
99,142772,Hipolito Weissnat
112,533,Darien Willms
115,1,Anne Jacobs Sr.
117,1,Mr. Gregorio Hand IV
127,10141,Mrs. Jennifer Carter
129,368873,Al Welch
134,844,Mack Pollich
137,0,Lincoln Stroman
141,0,Prof. Marcos Torphy 
142,512,Prof. Leta Witting
155,11,Miss Earline Jaskols
166,1,Gussie Ankunding
169,2147483647,Mrs. Vilma Grant Sr.
181,684427981,Rachael Terry
184,1,Elroy Anderson V
185,772536,Katherine Lueilwitz
196,0,Mallie Blanda I
199,32570,Sandy Corwin
205,602904,Zander Homenick
207,0,Joe Farrell
218,0,Kaitlin Harber I
220,1,Omer Nolan
229,830,Prof. Daphnee Zieman
234,1,Michael Jaskolski
235,466,Juana Tromp
244,2147483647,Sammie Baumbach
249,0,Gretchen Ruecker
250,1,Mr. Edmond Reichel
254,0,Christina Yundt
259,1,Karl Bergstrom
264,904334,Cristian Mayer
267,56,Branson Schmidt MD
268,0,Prof. Dorian Leffler
278,374783,Susanna Kihn
290,0,Prof. Dee Schinner
293,0,Antonio Bartell
295,0,Ms. Dina Schumm
303,2147483647,Malcolm Fay
305,94,Johann Williamson
310,51,Charlene Romaguera D
311,286474,Tad Russel
312,295,Dr. Mauricio Rowe
317,993,Emerson Doyle
320,0,Prof. Henry Kuhlman
323,868620360,Humberto Luettgen
343,677836,Dr. Meredith Batz DD
347,0,Miss Velva Stokes
353,937720,Estell Weimann
360,286,Zora Reichert
363,516499,Hanna Larkin
366,206,Magdalen Huels
372,337,Devyn Spencer II
375,0,Imani Weimann Sr.
397,0,Sam Anderson
408,530511,Germaine Gleichner D
410,1,Astrid Roberts
411,1,Marcella Moore
412,1,Josianne Corkery II
438,1,Tyrique Funk DDS
441,638565,Alyson Lowe
448,1,Mr. Austin Abbott II
451,77,Andrew Carter
454,0,Enid Wunsch
462,2147483647,Clotilde Durgan
464,1,Henry Wilderman DVM
467,1,Makenna Waters
475,1,Thalia Ledner
498,1,Bryon Mueller
504,1,Winfield Mitchell
508,69,Melvin Gutkowski
513,1,Kaci Blanda
515,442982,Rusty O'Conner
516,576569,Alan Fay
518,1,Levi Renner
520,0,Blaze Champlin
536,0,Monserrate Macejkovi
541,0,Heidi Effertz
544,737316,Romaine Lesch II
546,0,Giles Jast
573,375,Mr. Izaiah Hamill DD
576,850,Woodrow Bednar
589,2147483647,Kevin Kautzer Jr.
593,1,Suzanne Konopelski M
594,391019,Dimitri Boyle
600,0,Lelia Mayert
604,436778,Mary Harber
607,920,Nelle Barton
614,124313,Kadin Gusikowski
621,107,Prof. Simone Streich
623,1,Howell Lemke
625,1,Miss Karine Braun
632,900283,Prof. Armand Runolfs
637,387,Prof. Shad Murazik
642,0,Bret Keeling
645,0,Prof. Lorenzo Welch
655,1,Bertha Okuneva
677,1,Sydnie Schoen
680,0,Dr. Eldora Herman I
682,0,Dr. Colt Schroeder D
691,2147483647,Mrs. Thora Borer
695,454,Mr. Ethel Wunsch Jr.
705,2147483647,Kennedi Okuneva
719,0,Liza Little
729,1,Major Blick
741,941,Dr. Lisette Klocko
744,0,Ms. Karine Jast PhD
761,1,Mr. Jarvis Abshire
767,0,Mr. Brayan Durgan MD
768,0,Joe Gulgowski Jr.
798,0,Antwan Zieme
802,371252,Marcelle Block
824,251,Cole Swaniawski DVM
830,786,Danny Erdman
843,1,Shaylee Feeney
844,0,Jodie Conn PhD
845,1,Pedro Keeling IV
850,254,Prof. Deanna Hills P
852,0,Ada Prohaska
853,291,Francisco Goldner II
855,287,Lottie Orn
857,0,Miss Lorna Rodriguez
864,387046,Velda Halvorson
865,284,Mrs. Destany Hamill
867,697,Georgette Stokes
874,0,Eda Bauch
887,926055,Jedidiah Beahan
894,1,Guadalupe Little
900,774381,Katelynn Satterfield
902,1,Miss Justina Emmeric
904,1,Mr. Hilton Little Sr
907,1,Prof. Chelsie Jerde
925,0,Ms. Paige Treutel IV
930,165,Estefania Moen
935,388939,Verner Toy
945,2147483647,Holden Ward
955,868,Claire Sipes
966,1,Lyla Goldner
975,37,Kailee Hirthe I
976,357,Burdette McClure
983,0,Mr. George Schuppe
992,0,Keon Schultz
1022,458,Elton Wintheiser
1048,574,Antwon Deckow
1080,885196,Mohamed Dickens PhD
1126,205538,Jaclyn Larson
1149,637362,Taylor Koepp Sr.
1217,1,Dr. Ashton Huel
1250,372,Mallie Rice Jr.
1324,892033,Darian Kilback
1449,1,Sherwood Marvin V
1473,366,Jamey Beier Sr.
1568,0,Stella King
1603,454518,Tyrell Welch
1606,76,Lane Padberg
1804,74,Ophelia Buckridge
1872,0,Bonnie Schroeder
1909,391,Brain Roob
2078,0,Brandon Harris
2126,27355,Quinn Stamm
2171,99021,Jeffrey Ullrich
2239,1,Mrs. Kayla Bergnaum
2324,1439472291,Skylar Aufderhar
2368,1,Aleen Heathcote
2436,68,Nettie Hermann
2485,2147483647,Fermin Murphy
2530,719603,Miss Yadira Emmerich
2560,346,Mikayla Mueller DVM
2563,0,Braxton Donnelly
2619,735749,Jana Trantow
2628,1,Haylie Balistreri
2636,489661,Alvena Fahey Sr.
2751,490,Dr. Lamont Reichert
2755,0,Mr. Selmer Brown
2768,2147483647,Addison Lesch
2816,0,Haven Brekke
2868,752984036,Robyn Windler
2898,87,Margarette Koss
3030,1,Lenore Feest DVM
3044,678848,Carroll Quitzon
3126,1,Ms. Lola Gulgowski
3127,729802,Myrtis Greenfelder M
3214,887,Octavia Sipes
3246,0,Ms. Kattie Bashirian
3268,1,Eliane Bernhard
3341,740777,Reinhold Huels
3362,736,Fannie Bashirian
3561,0,Junius Zemlak
3608,67,Mr. Ricardo Wyman
3629,1,Dr. Justine Quitzon
3634,90,Buddy Lubowitz
3657,359212,Jena Bosco
3722,357,Prof. Alec Hilpert
3778,0,Sage Ruecker PhD
3838,992,Terrance Walker
4004,110196,Ashleigh Braun Jr.
4099,419,Shanon Ledner
4132,926852,Dr. Evert Emard
4167,0,Abdul Smitham
4179,0,Guiseppe Friesen
4209,0,Mrs. Muriel Huel III
4285,2147483647,Guido Wuckert
4311,1,Mr. Isai Gibson DDS
4359,380,Jayde Kozey
4361,1,Kayley Kris
4362,263145,Liliane Toy MD
4481,0,Hermina Sauer
4499,256144,Orval Jakubowski
4514,298026,Prof. Ursula Trembla
4536,932680,Mrs. Jackeline Hamil
4672,1,Dr. Shannon Schiller
4726,725,Richie Gutkowski
4862,1,Mrs. Rosalinda Feene
5018,393,Tracy Jacobi
5022,1,Prof. Evert Fay IV
5187,0,Milan Lind II
5270,1,Lavonne Rippin
5339,1,Rico Runolfsdottir
5371,2147483647,Leola Dach
5378,909017,Miss Aglae Bernhard 
5383,2147483647,Enid Goldner
5390,17148,Mrs. Fiona Schmeler
5415,497024,Rahul Rosenbaum
5455,0,Dr. Ava King
5478,0,Ansley McKenzie DVM
5579,0,Otilia Will
5716,823,Kyler Reynolds MD
5812,368,Aylin Christiansen
5925,65,Riley Pacocha
5961,0,Ozella Heaney Jr.
5971,1,Moriah Upton I
6045,981673,Ryleigh Reynolds
6182,0,Prof. Lesly Corwin
6245,0,Marley Ebert DDS
6248,407543,Nick Ruecker
6294,740073,Elinor Renner
6307,65,Dr. Pascale Hyatt
6420,1,Sheldon Lehner
6524,645,Cornell Sawayn
6559,607,Hettie Block
6630,189131,Prof. Cortez Bechtel
6661,505660,Adelbert Zemlak
6917,1,Zoila Strosin
6974,187106,Caleigh Mohr
7024,1,Dr. Johnathan Okunev
7474,945950,Mr. Reinhold Schaefe
7530,0,Stacey O'Connell
7547,0,Adele Conroy
7561,853842,Ima Kuhic
7574,0,Cecile Hackett
7737,20,Dr. Ward Cassin Sr.
7742,82,Geoffrey Ratke
7901,2147483647,Miss Angelica Gulgow
8129,1,Clair Pollich
8130,1,Aditya Padberg
8150,94,Gardner Olson I
8367,2147483647,Ellsworth Feil I
8382,907941,Dr. Tamia Bayer IV
8522,553,Wilford Mohr
8549,631614,Gerhard Dach
8722,1,Skyla West
8750,434,Nick Mraz Sr.
8765,1,Buford Lakin
8831,60642,Dr. Theo Pouros MD
8904,340,Alva Greenfelder V
8913,1,Norbert Graham
8945,154,Mr. Ian Bogan
9082,352608,Yesenia Kling
9153,28,Dr. Alia Windler III
9212,1,Dane Wunsch
9234,82,Ibrahim Schuster DVM
9250,1,Lorena Von
9305,130355,Dr. Travis Schinner
9449,964,Ulises Koepp DVM
9464,0,Brielle Aufderhar
9547,19836,Rozella Friesen
9697,225404,Adrien Carter
9716,1,Ms. Burnice Bailey I
9778,102,Vita Gorczany
9840,1,Macie Mueller MD
10244,1,Delphine Reynolds
11276,68,Elton Doyle
11365,975,Golden Kuphal
11457,0,Rebekah Carter
11499,1,Melba Mosciski
11805,1,Clare Lehner III
11909,17310,Cierra Ritchie I
12128,1,Ernestina Nolan
13022,94,Maybell Lind
13830,0,Alphonso Zulauf
15128,1,Stella Homenick DDS
19764,397,Anderson Spencer
20007,0,Richard Raynor
20272,801923,Joan Rice
20276,1,Kaela Nitzsche I
20684,767603,Irwin Cummerata
20967,0,Cory O'Keefe II
21211,346245,Rebecca Kris
21302,0,Dr. Jannie Wintheise
21438,761,Prof. Kadin Rogahn
21861,2147483647,Hayden Russel
22055,224680,Danny Ullrich
22641,174676,Kara Kassulke
22735,1,Ernie Quitzon
22739,1,Giovanna Abbott
22841,803758,Ms. Citlalli Hand II
23161,573724,Carolyne Russel
23327,290,Ena Abernathy Jr.
24319,99,Stevie O'Keefe
24390,0,Mrs. Litzy Bechtelar
24545,1,Savion Conn
25720,31,Dallin O'Hara
26646,618248,Federico Hackett
26947,629982,Santino Schulist IV
27137,2147483647,Helen Turner
30360,1565013628,Terry Stark
30776,0,Freddy Johnston
31387,1,Norbert Johnston
31580,1,Prof. Dudley Lowe MD
34603,296,Johnathan Yundt
35777,35111,Carlo Block
36609,1,Timmy Haag
36881,346,Lesley Lemke
38018,0,Haleigh Lakin PhD
38165,0,Mr. Ephraim Blanda
38326,813809,Anahi Fadel
39917,46,Mariana Mills
39974,516,Darren Connelly Jr.
40618,0,Myrtie Keeling IV
41251,976,Dr. Asia Weissnat
41422,36,Tyra Walker
43127,0,Imelda Schroeder Sr.
43456,408337,Mrs. Shyanne Aufderh
43691,345,Prof. Sigrid Ortiz I
43869,0,Margarita Cartwright
44306,303,Dr. Werner Williamso
44729,1,Daniella Graham Jr.
45169,75,Mellie Senger
46391,0,Ms. Ottilie Walker
47380,62,Stefan Price
47539,465,Mr. Marcelino Ullric
47805,0,Cathrine Parisian
48396,2147483647,Deangelo Abbott
50757,383,Dr. Clemens Cole Sr.
51087,1,Larissa Bernhard
51139,71,Norwood Treutel
51922,1,Lila Weissnat
52290,0,Ms. Hertha Feil
53391,836935492,Ryder Block
53990,360516,Prof. Chelsea Murazi
55379,0,Prof. Alfonzo Murphy
55972,51,Mrs. Velma Runolfsso
56261,203,Freida Ziemann
57229,1,Mrs. Frances Spencer
57325,2147483647,Dr. Stella Funk
57918,825,Isidro Ledner
58602,444483,Abdullah Wiza
59369,0,Otis Rau
60288,0,Leslie Hoeger PhD
60691,39,Elizabeth Jakubowski
61117,0,Mr. Pierce Bosco V
62388,913496341,Danial Cassin MD
66936,677,Geoffrey Muller
67728,34,Jaiden Beer
68102,0,Dr. Jared O'Connell
68298,0,Milo Streich
69969,460812,Prof. Cooper Willms
70504,418281,Prof. Wilson Smith P
70551,477,Ron Watsica
71048,0,Erich Volkman V
72459,489246,Mr. Taurean Homenick
72533,0,Vance McDermott
72581,22,Bruce Connelly
72674,1,Prof. Golden Feeney
72926,0,Dr. Maxie Brekke
73645,2147483647,Vivian Fay
74170,1,Mrs. Pearlie Vanderv
75245,54,Dr. Cordie Kunze MD
76122,321087,Rick Deckow
76788,0,Jose Hessel
77259,497,Kamille Gusikowski
77524,788059,Irma Aufderhar
79497,0,Miss Queen Kautzer
79611,262050,Prof. Judah Ritchie 
80435,25972,Maud Rempel
80459,0,Mr. Dee Bernier V
80698,595742,Charley Bahringer
81035,88,Ms. Lillie Murphy
81277,115,Dr. Webster Orn
81934,2147483647,Tierra Buckridge
83039,339,Marlen Bergstrom DVM
83337,84,Concepcion Bergstrom
83885,1,Maryjane Heaney III
84096,73225,Adam Sporer Sr.
84371,1,Prof. Kristopher Sha
84650,372876,Mrs. Rebeca Hettinge
84740,1,Hailey Schimmel
85394,11,Jazlyn Runolfsson
85428,0,Mrs. Rosalind Winthe
86123,1,Dr. Rod Romaguera
87059,1,Ron DuBuque DDS
87203,51,Ashlee Wuckert
87676,783,Sylvester Fay DVM
87729,2147483647,Prof. Gilberto Kassu
88032,0,Stacey Boyle Jr.
89511,0,Prof. Junior Bogan
90786,118,Dewitt Tillman
91707,55,Ms. Zola Hessel II
92281,1,Dr. Bernita Sipes
92306,1,Geovanni Trantow
92565,19,Rafael Hermiston
94341,1,Mr. Verner Mann IV
95560,294054,Cordie Bergstrom
96153,93,Prof. Heidi Graham
96933,1,Lizzie Paucek
97225,2147483647,Dr. Thelma Klocko Jr
97304,0,Mr. Lucious Aufderha
103907,0,Dr. Rachel Kiehn
105049,53,Nellie Ortiz DVM
108830,0,Tyreek Abshire Sr.
138794,0,Flo Grant
144281,0,Ms. Nora Weber DDS
147341,1,Tomasa Herman
163310,73,Dr. Vernice Sporer
172638,353,Prof. Cedrick Cronin
183139,2147483647,Clint Dickens
186347,0,Niko Hoeger V
187742,607353,Laurel Berge
192828,50,Emily Kuhlman IV
201505,1,Braxton Hermiston
204984,0,Albertha Emmerich
216146,420349,Abelardo Hudson
224933,640856,Anthony Jacobi
234449,905,Rubie Trantow DDS
236320,512,Selmer Beer
237480,0,Rachel Jaskolski
267737,1,Dr. Nicholaus Dibber
279921,1,Darion Schultz
286839,787206088,Lamar Pouros
292805,560,Raphaelle Walker
295327,0,Oswaldo Stiedemann I
300414,2147483647,Margarett O'Kon V
304814,86,Breana Blanda
305888,1983997232,Florian Kuhlman
311225,1,Dr. Lori Hackett DDS
312218,0,Sophie Deckow
313298,0,Rebekah Cremin MD
313917,333862,Neal Connelly
315517,35,Liza D'Amore
323553,1,Mr. Kamren McClure
327343,0,Holden Farrell
331128,1,Jaunita Bednar PhD
335251,760,Prof. Donnell Klocko
338639,501696,Dorothy VonRueden
343308,341429,Trace Bins
347850,628,Dave White
357675,906,Vincenza Boyer V
360559,1,Elvera Waelchi
372405,245874,Serenity Cremin
373570,705,Emery Waelchi
398258,963,Tamara Little Sr.
410735,345229,Mrs. Veronica Rempel
417747,160332,Ole Rippin
418208,1,Larissa Boehm
424969,2147483647,Rylee Leannon
440150,225,Ms. Brigitte Wisozk
456773,1,Hayden Ryan Sr.
473419,540672,Dr. Marty Schoen II
473889,78,Mitchell Stracke
480092,90,Roderick Effertz
489039,1,Gustave Konopelski D
512901,653171,Moses Hirthe
523314,1,Mrs. Fiona Fritsch
539066,53,Noemie Grimes
539700,554522,Alyson Crist
540406,0,Elyssa Greenfelder
551996,159274,Faustino Corkery
562924,0,Norbert Keebler III
571274,26958,Miss Nichole Sauer
572678,0,Miss Cindy Johnson I
574356,0,Greyson Hamill II
584302,924799,Dr. Jaden Schuster
594377,0,Alayna Hoeger
601353,551,Teresa Kassulke
608266,0,Wilson Bernhard Jr.
608867,913,Mariah Reinger
611837,702,Ms. Ethelyn Luettgen
643872,743,Ida Bahringer
650877,0,Lucio Hilll
660767,223,Woodrow Hane
667890,974875,Miss Eileen Quitzon
668376,1,Virgie Streich
668561,507,Dr. Vince Jacobson I
671815,842044,Webster Eichmann
672636,769487,Prof. Jake Jones MD
672730,0,Ms. Mireya Schowalte
676040,0,Prof. Myah Gutmann
685272,0,Mrs. Tianna Hackett 
705722,604,Joany Tremblay
723570,92,Hertha Koelpin
735973,303,Anissa Kunde
744712,0,Ashly Kub
746016,605,Eve Hamill
754453,1,Boris Cronin Sr.
754601,725988,Amalia Rau
771000,1129087694,Dr. Birdie Champlin
784183,798,Wyatt Lind
794688,0,Paige Jakubowski
800371,450805,Dr. Chaya Turcotte I
808285,695,Mr. Grady Crona IV
832934,321,Dr. Efren Schamberge
841381,766,Shea Labadie
858143,534831,Prof. Sydney Cormier
870334,0,Hugh Abbott
875762,2147483647,Marcel Turcotte
887424,1,Vilma Cormier
889744,528858,Miss Lilian Ryan IV
896982,0,Rachel Crona
909568,1,Mrs. Yesenia Cartwri
920016,243281,Cleo Predovic
922277,2147483647,Prof. Richmond Pouro
943048,31,Prof. Ova Kovacek
944713,0,Juliet Bode
947968,2147483647,Easton Kozey
955739,48423,Silas Dooley
958418,1,Mr. Guiseppe Rice
981400,0,Rigoberto Kling
991482,0,Miss Lizeth Bayer Jr
1007513,1,Prof. Jettie Ratke P
1008815,381179,Prof. Hal Jaskolski
1024398,172,Mr. Tod Romaguera V
1252890,2147483647,Dr. Howard Toy
1351883,68,Lee Lueilwitz
1387778,0,Jonathon Conn
1559087,0,Clement Heaney III
1652093,262016,Freddie Dach
1723031,289,Tyrel Hackett
1849994,0,Mateo Brown
1855389,452766,Princess Skiles
1899356,47,Prof. Emmalee Paucek
1955686,1,Roel Quigley
2070359,1,Cassie Hoeger V
2085078,0,Omer Stamm
2110405,0,Jaiden Nader
2128702,522695,Evelyn O'Reilly
2132245,913034,Delia Jaskolski
2261786,836232765,Rocio Senger
2336192,0,Freddy Breitenberg D
2401836,829876,Brook Weber
2402898,1,Libbie Kuhic
2435135,0,Rowan Walker Sr.
2487043,1,Mr. Tyrese Stehr
2551016,16,Ezequiel O'Hara MD
2568920,1,Marcus Gleason PhD
2690231,1,Eddie Casper
2715593,577588,Prof. Liliane Altenw
2756396,614,Prof. Aliza Nikolaus
2803274,1,Alphonso Bayer
2849940,809,Mr. Elmore Bailey II
2904088,369227,Mr. Wallace Abernath
3312380,2147483647,Eliza Zieme
3487490,0,Colten Wunsch DDS
3562995,889,Lurline Padberg DDS
3569891,246292,Mertie Lynch
3697401,1,Liliana Hilll
3762793,206,Prof. Heidi Kautzer 
3768729,2147483647,Prof. Tate Kreiger
3829437,503,Caesar Abbott
3839761,1,Daisy Jacobi PhD
3937666,0,Quincy Larkin
4047908,0,Maeve Abernathy
4135270,490226,Dena Stiedemann
4135408,588,Prof. Neal Jakubowsk
4266372,790,Fiona Lueilwitz DDS
4303500,1,Prof. Stanton Wisoky
4477984,24698,Ms. Michelle Shanaha
4482140,1874654295,Miss Nora West
4486540,856476,Jaqueline Jenkins
4575794,0,Pierce Oberbrunner
4633541,0,Kailey D'Amore
4761846,1,Scot Dibbert
5097130,1,Miss Roslyn Hodkiewi
5100743,75,Rosalee Maggio
5106504,145908,Dr. Golden Brekke II
5179552,795029,Miss Margarette Cons
5346453,2147483647,Mrs. Anais Balistrer
5367978,0,Ms. Emelie Stanton D
5447967,2147483647,Malvina Stoltenberg
5555346,1,Jaleel Mueller
5625415,1,Terrence Leannon
5669875,1,Art Pagac V
5712107,0,Sabryna Walter
5723480,202,Ms. Fanny Kemmer I
5744245,554760,Helena Kozey
5887434,663,Cordia Hansen I
5925283,329,Briana Luettgen
5968381,1,Prof. Alayna Moore
6160390,1,Alf Senger
6169294,888,Dr. Demarcus Hickle
6215918,1,Solon McLaughlin IV
6250706,2147483647,Manuel Hammes
6275365,0,Veronica Jaskolski
6323788,279050,Prof. Nyasia Tromp P
6341917,741260227,Aletha O'Reilly
6380051,1,Prof. William Huel S
6391102,306,Manuel Murphy
6610436,732079,Isabell Mohr
6628637,1,Jordan Lebsack
6643986,1,Miss Ashlee Roob
6823126,4,Candido Schaden I
6835114,171,Dr. Jammie Ratke PhD
6847004,179,Enrico Osinski
7106658,1575276638,Tyshawn Goodwin
7124037,6,Prof. Fabiola Ferry 
7227565,1,Margot Stanton
7271684,134192,Coralie Fisher
7348079,1,Chet Kessler
7360429,76,Lenna Waters
7468360,2147483647,Verona Williamson
7518931,816,Prof. Judson Paucek 
7551405,735,Prof. Chester Jaskol
7642452,0,Prof. Kamille Monaha
7681561,0,Hector Leannon
7696527,742183,Evan Cartwright
7744872,32,Tomasa Koss
7754881,360848,Dr. Diego Gaylord II
7772420,0,Leonardo Mitchell
7846906,427,Clyde Casper DVM
7942057,0,Mr. Manley Wilkinson
8149497,755735,Mr. Orin Bosco
8228691,1,Walker Kreiger
8236435,1,Grant Wintheiser Jr.
8306803,2147483647,Willa Torp Sr.
8401192,917381,Alexandria Bosco
8503280,0,Mr. Marty Goodwin II
8513897,1,Mrs. Anais Nader
8535229,702,Winona Lang
8565603,658534,Callie Gerlach
8579090,615,Danika Johns
9024968,447,Tania Torphy
9077070,172,Joanny Gleichner
9193469,1718616291,Cristina Effertz
9234375,1,Dr. Alex Von V
9248653,1,Prof. Aurelie Bauch 
9447346,0,Felicita Hintz
9490898,14,Jazmyn Little
9516907,27,Dr. Easton Wunsch
9898857,0,Dianna Koepp
9899679,1,Mr. Laverne Gottlieb
10111615,0,Emmie Lowe II
10268947,67,Freida Kuhic
10471828,92,Prof. Abdullah King 
10669239,884920,Donnell Mann DVM
11109286,796099,Demetrius Torp
11319705,838,Jimmy Kiehn
11641424,929,Ms. Carli Haag
13514149,388,Eveline Kulas
13533155,0,Destinee Ondricka
14429886,0,Phyllis Marvin
16487929,773,Lauren Bayer
16959711,2147483647,Curt Hermiston PhD
22376560,0,Jewell Wolff V
22983770,2147483647,Roy Bradtke
23552004,0,Earnestine Cruicksha
24405864,560,Stephany Rogahn
24728325,77,Prof. Lauryn Graham 
24737327,2147483647,Abel Grant Sr.
25699364,184544,Karlie Hirthe
26365629,845753,Dr. Delia Greenfelde
26622795,1,Kenyatta Rice
27885095,0,Leora Volkman
28405380,63,Nikita Ebert
28916093,1,Marc Jacobi
31703873,0,Camilla Rempel
31847153,381758,Mr. Noah Bailey
32195844,1,Jaydon Carroll
32197921,383152,Miss Mireya Beahan
34011344,0,Marques McClure
34019656,0,Evert Hodkiewicz
34745797,430,Meaghan Hessel
35384435,99,Marc Mertz
35761175,122537,Lori Willms
36234491,314631,Rebeca Daniel
36299311,57,Phoebe Cummings
37186248,1,Mervin Considine
37311368,238,Elsie Nolan
37605766,1,Ibrahim Hintz
37957178,280,Priscilla Towne IV
38219002,401,Orval Brakus
38390723,1,Mr. Jamey Kuvalis
38667238,220987,Maureen Hansen
39285262,235,Gia Heller
39772945,883810,Velda McClure
40134850,0,Corine Kuvalis
40398101,1,Twila Emmerich
40543551,0,Mr. Curtis Auer MD
44476597,304710,Corrine Grant
44733350,982,Dr. Gennaro Morar
44836464,122953,Deshawn Beahan
45051848,1,Wilfrid Funk
46140982,2147483647,Samir Romaguera
46475470,1,Selena Pfeffer
48027834,560,Reta Bode
48401623,704,Prof. Ellen Buckridg
49036174,8,Jessika Paucek
49931104,727087,Miss Lois Thompson
50979624,1,Sammie Leannon
51125676,32,Haleigh Langosh MD
51130008,12180,Merle Trantow
53479527,1,Rashawn Fisher
53485427,1,Damien Weimann V
54155289,1,Conrad Durgan Jr.
54433666,731,Cameron Mante
55940417,37,Kyra Considine
56155517,402954,Garrett Huels
56595987,0,Paul Rosenbaum
57152540,1,Dr. Ricky Pagac
58143104,2147483647,Ressie Conn II
58716501,932331,Dana Effertz
58895128,10763,Barbara Abshire
59147171,771,Malachi Yundt
59860182,484114,Vidal Skiles III
59864779,1,Jeanette Hermiston
60341605,0,Naomi Herman
61287554,814800,Payton Terry DDS
62153817,2147483647,Adolph Schmidt
63088638,940,Miss Heath Rath
63473372,57,Ethyl Gleichner
63524496,1,Otto Dietrich I
64061192,999,Ms. Katelin Nienow
64896260,4,Lincoln Dickens
65196714,836971,Alexanne Hackett
66716722,221,Miss Lilly Bogan DVM
68197028,1,Miss Cassandra Ritch
68269824,202397,Candace Fisher
69021130,0,Patience Kilback
69286342,3,Elvie Veum
70203351,0,Ms. Emmy Collier
70514848,858,Cali Harris
71413426,0,Jayme Pollich
71828134,181,Lew Torphy
73076685,2147483647,Annette Considine
73543570,2147483647,Virginia Harris
74335085,2147483647,Christophe Prohaska
74452989,895464,Prof. Kylee Heathcot
74666956,606577,Pat Lowe
75805979,1004481819,Raleigh Becker
76159079,949437,Caterina McLaughlin
77779720,1,Junior Jacobs
77840936,1,Emilie Kessler DVM
78247038,0,Keely Jerde
81047742,804,Kirk Howe
81865110,516,Dr. Stan Brakus
82281727,0,Martin Rogahn
82391677,85,Royce Bernhard
83460760,127138,Lew Kiehn
83609540,1,Devin Roberts
83835485,2147483647,Waylon Herzog
84175970,1,Noemie Waelchi
84428815,439254,Mina McClure
84508461,1,Bennett Murray
84661704,709,Dr. Armand Considine
84708341,1,Vallie Hayes
85169745,2147483647,Edyth Bashirian
85500669,614,Rosalyn Green
85780286,0,Alena Jakubowski
85851237,407647,Orville Jacobson
86490866,1,Deron McLaughlin
86824252,72,Bradley Beatty
87879227,72,Mr. Joan Goyette DDS
89215893,0,Dee Jones
89265325,1,Kailee Funk
90395873,2147483647,Austyn Howe
90821744,409530,Omer McClure
93358730,972,Gideon Brakus
93562449,829186,Carleton Gleason
93712984,0,Wallace Bartoletti
93783566,39,Dr. Charity Nolan
93915925,554764,Mr. Zane Mitchell Sr
93967873,924,Idell Breitenberg
96126332,2147483647,Citlalli Lehner III
96833740,33,Prof. Skye Nicolas
97391174,0,Jarred Carroll
98879918,114,Dr. Hayden O'Conner
99497387,93218,Dolores Boyle
106739471,0,Elinor Nitzsche
117291500,961182,Ophelia Lemke
117485067,193441,Maddison Vandervort 
130713284,1,Dr. Natalia Jenkins 
152737959,0,Marjory Lindgren
153995626,359138,Tyson Casper III
165576912,1,Hazel Grady
187121944,766,Jake Schumm MD
191259332,2147483647,Mr. Tatum Schinner
203144787,1,Ryleigh Thiel
207575491,938322,Mittie Douglas
215414877,529,Jay Koch
230941366,0,Michaela Nader
239817345,774182,Adell Purdy
244447713,57,Camren Rippin I
254608014,669960,Marcel Runte
256495805,990,Oleta Block DVM
261767918,1,Prof. Oran Fadel
262383786,41,Prof. Taylor Macejko
264881241,0,Aida Gislason
265526903,409,Yvette Orn
265953026,422759015,Cleve Bernhard
270685891,2147483647,Onie Wolf
284290273,357755,Maximus Strosin MD
285639730,1,Leonel Gleichner
289455680,451,Dr. Kylie Reinger DV
299706750,430784,Porter Monahan
301093796,0,Mr. Dimitri Hirthe S
302764487,1,Ms. Clementine Boehm
303681809,1,Prof. Angelica Moris
313714839,0,Selina Jacobs
313835899,0,Mr. Adrien Ratke
314213714,466,Mrs. Lorna Ward
323463611,442,Dr. Eula Jerde IV
342773484,0,Chester Graham
344955114,825146,Krystel Lakin MD
346384641,0,Lesly Schinner Sr.
351161697,0,Dr. Jan Hermann
357744512,606,Tre Beier
362321700,0,Rosamond Howe
363808155,1,Marilie Gerhold
373657870,1,Prof. Joany Ward
375360327,105,Mrs. Zelma Fritsch M
378564605,985199,Prof. Salvador Kerlu
380543589,0,Mrs. Lily Heathcote 
382856308,1,Jordyn Klein MD
392297132,0,Dr. Maxime Gleason V
397263761,776430,Vladimir Bechtelar
412270963,451,Jermain Ferry
422824225,0,Prof. Mervin Tillman
427986597,0,Modesto Jakubowski
432122744,2147483647,Alexie Abbott
438349757,24,Tom Weimann
439936676,1,Malika Muller
461129960,0,Kayli Torphy
471392686,513,Prof. Braden Kuhn
473113422,1,Ms. Macy Windler
475877949,0,Shane Bauch
482111419,2147483647,Eunice Fahey
491128914,1,Jailyn Hickle
499135921,3,Mr. Kristofer Reilly
500906329,1,Kieran Homenick
510334779,2147483647,Alfredo Greenfelder
510395214,1,Katelyn Runolfsdotti
510758495,1394144442,Alberta Hilpert
510939104,498,Collin Goldner
513452038,997,Dr. Stanley Rolfson
513461883,1,Moshe Tromp
528845642,26,Miss Jaida Bartolett
533585104,1,Miss Pink Fahey
538104545,1,Dr. Dominic Murray I
563574845,43,Conrad Mertz PhD
572875090,570542,Rosendo Kunze
573285060,1,Isai Shanahan
575467186,869936,Lorenza Rempel
579468948,1,Ms. Emmy Hahn
579926416,746670,Adrian Mante II
583262640,0,Ettie Dooley
585060578,2147483647,Lyda Mueller
600215239,573043,Corbin White DDS
602343123,40660,Freeman Prosacco
607506745,0,Jovany Keeling
616140203,82,Hugh Durgan
618315834,61355,Stephon Block
619352283,301,Kenny Jacobs
624280024,0,Edgar Schultz
628914424,274,Miss Angelita Willia
634367758,835678,Keely Krajcik
642692895,506726,Terry Vandervort
648891518,1,Glenda Kuhn
658907217,1,Agustina Crooks
681053408,98,Brennan Brakus
688002595,1,Emmanuelle Schumm
689818263,0,Constantin Lind
696435920,977666,Prof. Nikko Pacocha
697800524,743,Rollin West
706199755,1,Ms. Adelia Langworth
740527061,2147483647,Ms. Aisha Gulgowski 
743339438,1,Catherine Kihn Sr.
751902059,485209,Forrest Wiza
753688719,91,Hassie Dare PhD
769735956,479,Kelsi Kohler
775294336,268,Hailey Abbott
780810834,263752,Mrs. Tierra Nicolas 
782370162,403,Coty Corkery
785390510,0,Zena Thompson II
798994380,1,Vivienne Doyle
799117842,516573,Baby Buckridge III
800605873,287445,Dr. Jonas Bartoletti
810205453,1,Dolores Kautzer
813852644,0,Quinton Zemlak
816846453,997,Dr. Boris Adams
822259502,1,Marquise Pfannerstil
822990488,0,Jordon Nitzsche
823785973,2147483647,Dr. Tate Larson
834965317,1,Dortha Dietrich
838743500,540455,Frederik Hayes
853687609,200329,Jaren McKenzie DDS
861958782,2147483647,Fritz Wiza
869793345,1,Prof. Lowell Bartole
874280003,2147483647,Prof. Ernest Strosin
876210053,787,Mr. Freddie Stehr Ph
879327394,0,Ryann Deckow
881394717,283,Ms. Vickie Abshire
889970625,0,Lorenz Kub
906135572,906,Miss Barbara Schneid
914431375,530501,Prof. Birdie Kling
938672880,2147483647,Eduardo Trantow
949722478,2147483647,Ana Fisher
950114028,0,Prof. Leslie Labadie
969136781,176977,Miss Brisa Wilkinson
971811391,1,Leann Pagac
982967038,445,Koby Kuhn
998664864,2147483647,Sheldon Davis
