CustomerId,Flatno,Street,State
0,27277,Bechtelar Glen,NorthCarolina
1,22772,Ullrich Ford,Oregon
2,0,Howe Pine,NorthCarolina
3,3,Schroeder Run,Massachusetts
4,4,Kenyon Junction,WestVirginia
5,3371,Jaylen View,Nevada
6,2580147,Pagac Lakes,Indiana
7,1433663,Deontae Fort,NewMexico
8,376627592,Bahringer Center,Wyoming
9,84222976,Veum Fort,Pennsylvania
10,163782409,Reuben Mountains,Massachusetts
11,64524,Nat Plaza,Nebraska
12,7896,Kelsi Neck,Oregon
13,60,Krajcik Mall,Connecticut
14,3,Weber Well,Arizona
15,80,Rice Ferry,Wisconsin
16,42320,Santos Rest,NewJersey
17,371623,Rutherford Prairie,NewJersey
18,0,Bechtelar Trafficway,Nebraska
19,32976,Kory Unions,Florida
20,521945,Ibrahim Mount,Florida
21,56886154,Willie Islands,Michigan
22,31778532,Vallie Avenue,Missouri
23,22095,Dahlia Underpass,NewMexico
24,774187,Ernesto Neck,WestVirginia
25,43,Jaskolski Lights,Virginia
26,19519118,Adolphus Ports,Missouri
28,563,Jamie Roads,Oklahoma
29,3848019,Micaela Roads,NewYork
30,67,Russell Pines,SouthCarolina
31,78,Vincent Parkway,Montana
32,1872676,Schulist Hollow,Texas
34,511923,Aurelia Cape,Kentucky
35,16346388,Runolfsson Center,Nevada
36,65811,Trantow Spurs,NewMexico
37,7873111,Murphy Spur,NewHampshire
38,54847,Price Stream,Michigan
40,497328,Margaretta Walk,Utah
41,6,Kuphal Knoll,Massachusetts
43,662,Johnston Pike,Georgia
45,20078,Klein Lodge,Delaware
46,9,Florine Stream,NewYork
47,901916137,Lavern Garden,Washington
48,276590,Chasity Court,NewYork
49,420204,Toy Ford,Hawaii
50,500,Spencer Estates,NorthDakota
52,32398619,Alexandro Hollow,NewJersey
54,586952719,Roslyn Fields,NewYork
56,75,Wilson Light,NewJersey
57,80386129,Name Springs,Virginia
58,7440,Ashleigh Station,Nebraska
60,378006,Schoen Locks,Minnesota
62,9882,Bauch Harbors,Tennessee
63,646851222,Trevion Corner,Maine
64,1500365,Raynor Isle,Hawaii
65,986762,McCullough Drive,WestVirginia
67,2374448,King Vista,Arkansas
68,809009,Miller Mountains,SouthCarolina
69,88,Rau Lodge,Pennsylvania
70,574214121,Harber Landing,California
72,471993470,Leonora Curve,WestVirginia
73,89364856,Berge Brook,Arizona
74,0,Cyrus Union,Ohio
76,592720419,Schmitt Union,Michigan
77,4926,Lesch Views,Pennsylvania
78,2242367,Johnson Union,Oklahoma
79,0,Weber Fort,Maryland
80,5608786,Shaina Vista,District of Columbia
81,81,Megane Key,Oklahoma
82,724123247,Nikolaus Loop,Georgia
83,31609,Schmeler Motorway,Oklahoma
84,74410867,Kuhic Summit,NorthCarolina
86,72707276,Anne Route,NewJersey
87,40006,Schulist Overpass,Montana
88,2876954,Stoltenberg Walk,Maine
89,6369622,Sipes Burg,District of Columbia
90,512743233,Toy Circles,Oregon
92,9646,Bosco Mill,Hawaii
94,1589,Davin Corner,Hawaii
95,8640898,Watsica Corner,NewMexico
96,0,Beau Estates,Vermont
98,47569,America Station,District of Columbia
99,70718,Hayes Gardens,Connecticut
112,6857050,Hansen Burgs,Massachusetts
115,752303,Earline Place,NorthCarolina
117,55256400,Claudia Ville,Wyoming
127,82207,Johnson Street,California
129,81381902,Kip Forges,Maine
134,701900,Geovany Harbor,Louisiana
137,1,Rey Parkway,District of Columbia
141,99109303,Raquel Pine,Connecticut
142,827,Zita Burgs,Wyoming
155,906,Konopelski Mountain,NewHampshire
166,131,Jonatan Lane,Arkansas
169,3140,Metz Loop,Tennessee
181,16323,Wiegand River,Pennsylvania
184,518123,Kuvalis Extensions,Delaware
185,1217,Carter Coves,Missouri
196,59105,Darby Shoals,Washington
199,32128,Cathy Extensions,Massachusetts
205,948,Claud Stravenue,Arizona
207,2910,Jeffry Estate,Alabama
218,47493,Blick Lodge,Mississippi
220,25,Weimann Unions,Michigan
229,765,Dolores Isle,Tennessee
234,56,Lera Trail,Kansas
235,0,Mohr Shore,Alaska
244,0,Imelda Avenue,Virginia
249,9,Sandrine Locks,Indiana
250,39859899,Mills Point,WestVirginia
254,1288698,Joel Stravenue,Maine
259,2387,Esperanza Mountain,Minnesota
264,5,Ernser Spur,Idaho
267,726647022,Kennedi Place,Utah
268,8438,Laverne Cliff,Alaska
278,915632,Arely Trail,Michigan
290,893466627,Maximus Island,NewMexico
293,741059156,Maureen Drive,Oklahoma
295,185907025,Cameron Trafficway,NewHampshire
303,7237055,Ed Estates,Nevada
305,0,Lonzo Branch,District of Columbia
310,3083954,Armstrong Pike,Minnesota
311,8,Ladarius Viaduct,Alaska
312,27,Shaina Well,Arizona
317,598751818,Ebony Islands,Kentucky
320,82423880,Susana Tunnel,RhodeIsland
323,7536,Rosina Streets,California
343,77,Bradley Mill,NewJersey
347,2,Douglas Cliffs,NewMexico
353,98,Mills Station,Wisconsin
360,54,Kelli Common,Tennessee
363,589002066,Schmidt Fork,Wisconsin
366,1183366,Lottie Burgs,Alabama
372,9,Carli Extension,Colorado
375,3283,Conroy Club,NewHampshire
397,6496,Abigail Harbors,Nebraska
408,72809,Mack Meadows,Georgia
410,8,Block Squares,Missouri
411,25516,Cleveland Groves,SouthCarolina
412,31979,Jayne Parks,NewJersey
438,9637389,Berge Locks,WestVirginia
441,8262,Marcelina Crescent,Alaska
448,846872,Bosco Inlet,Delaware
451,91859,Cole Flat,California
454,680564,Jakubowski Fort,Georgia
462,5,Emelia Island,Wyoming
464,8799787,Ava Lakes,Massachusetts
467,9656446,Bruen Meadows,Colorado
475,87889,Denesik Causeway,WestVirginia
498,0,King Roads,Indiana
504,79295,Keebler Path,Pennsylvania
508,6,Jena Rue,Hawaii
513,2470666,Carroll Fall,SouthDakota
515,89,Skiles Bridge,District of Columbia
516,15314,Kautzer Place,Missouri
518,905851084,Tamia Forge,Kansas
520,659288615,Dickinson Road,Massachusetts
536,4218,Carter Walks,WestVirginia
541,816669,Howe Lodge,Kansas
544,254174,Zieme Crossroad,Kentucky
546,89346,Eda Field,Pennsylvania
573,7,Parker Drives,Illinois
576,97636712,Earnest Vista,Tennessee
589,9285,Elijah Island,Montana
593,9556,Lebsack Lane,Wyoming
594,66,Chanel Roads,Nevada
600,24963936,Laurie Pass,Louisiana
604,0,Mraz Rapid,NewYork
607,6488432,Janelle Ridge,Wisconsin
614,9,Pagac Turnpike,Pennsylvania
621,5205573,Torp Islands,NewJersey
623,4053803,Kamren Trail,Texas
625,3,Santa Course,WestVirginia
632,76,Dibbert Walks,Arizona
637,85750321,Romaguera Cliffs,Wisconsin
642,888210,Cassin Well,Nevada
645,9623461,Sporer Turnpike,California
655,11,Anderson Key,SouthDakota
677,9,Lubowitz Villages,Georgia
680,0,Oliver Club,SouthDakota
682,884,Eriberto Lock,Ohio
691,44656,Lind Shoal,Kansas
695,167103223,Veronica Motorway,Oklahoma
705,7,Larue Tunnel,Colorado
719,0,Kelvin Haven,Georgia
729,1490699,Johns Motorway,Texas
741,148,Casper Pike,District of Columbia
744,4,Dietrich Harbors,Maine
761,347,Corine Garden,NorthDakota
767,75,Torrey Causeway,Michigan
768,53631,Hans Knoll,Illinois
798,891687,Reynolds Trail,NorthDakota
802,4818,Aufderhar View,District of Columbia
824,288007532,Leslie Key,Ohio
830,1550,Jast Heights,NorthDakota
843,1316,Arden Highway,Massachusetts
844,894,Jacobson Glens,NewYork
845,596514,Quigley Cape,Arkansas
850,4,Zakary Crossing,Missouri
852,0,Freddy Pines,Vermont
853,43,Reinger Forest,NorthDakota
855,82,Marian Underpass,Kansas
857,3732,Marlin Park,WestVirginia
864,477315881,Schulist Lodge,NewMexico
865,4,Mayert Ford,SouthDakota
867,838845,William Point,Hawaii
874,9583,Kuhlman Glens,Minnesota
887,45,Renner Locks,Connecticut
894,71,Leatha Viaduct,Delaware
900,172654,McDermott Trail,Georgia
902,91115190,Koelpin Gateway,Pennsylvania
904,7366658,Mosciski Rest,Florida
907,973093,Adolf Roads,NewJersey
925,0,Sipes Walks,RhodeIsland
930,6917,Larson Route,Oregon
935,2973,Stanford Harbor,Michigan
945,0,Cole Park,Washington
955,3214463,Ophelia Run,Minnesota
966,615173768,Dare Meadow,Delaware
975,9057,Gutmann Radial,Oregon
976,671537,Runte Ways,Arkansas
983,8,Hettinger Gardens,Nebraska
992,6,Pouros Mall,Tennessee
1022,2632758,Tillman Camp,Maine
1048,5,Medhurst Light,Colorado
1080,78036405,Ena Turnpike,Missouri
1126,888286696,Davis Bridge,Georgia
1149,74,Bruen Squares,Nebraska
1217,8,Sydnee Mission,Massachusetts
1250,4800737,Amparo Estate,District of Columbia
1324,4452,Saul Dale,Ohio
1449,0,Rossie Street,Washington
1473,539,Parker Squares,California
1568,244160,Aisha Square,Pennsylvania
1603,7210,Schuppe Run,Kentucky
1606,2965,Huel Glen,Kentucky
1804,903,Tremaine Glen,Michigan
1872,64859,Eliezer Ford,Alabama
1909,0,Sophia Canyon,Nebraska
2078,53094,Gianni Row,Alabama
2126,2728966,Berge Ferry,Illinois
2171,78550,Rhoda Parkway,Maryland
2239,817,Beatty Forge,Wisconsin
2324,7,Swift Crossing,Arizona
2368,10,Amalia Glen,Arizona
2436,9992,Ian Brooks,NorthDakota
2485,37,Carroll Row,Montana
2530,395676920,Augustus Rest,Oklahoma
2560,0,Alexander Pike,Washington
2563,429407112,King Mount,Michigan
2619,4,Thiel Stream,Indiana
2628,5869275,Nathaniel Forges,Washington
2636,4,Janis Village,Kansas
2751,0,Hershel Branch,Minnesota
2755,39,Shanna Roads,Delaware
2768,190052,Beatrice Stravenue,Connecticut
2816,0,Ford Extension,NorthDakota
2868,44662,Bogisich Cove,District of Columbia
2898,7811203,Satterfield Vista,District of Columbia
3030,2955074,Lucious Ridge,NewHampshire
3044,5,Lula Shore,Michigan
3126,50,Mayer Station,Alabama
3127,0,Abbey Brook,Wisconsin
3214,566578,Schmeler Route,NewYork
3246,0,Marley Point,NewMexico
3268,61013,Leone Manors,NorthDakota
3341,0,Erica Court,Georgia
3362,2060,Samara Via,Alabama
3561,7,Armando Trail,Virginia
3608,0,Kerluke Extension,Ohio
3629,0,Halvorson Plains,Illinois
3634,790,Dorcas Walk,Connecticut
3657,30487803,Raina Plaza,Nevada
3722,50116,Fahey Way,Arkansas
3778,1,Hintz Creek,Idaho
3838,283,Cummerata Parkway,Arizona
4004,5090512,Federico Causeway,Missouri
4099,8,Michale Well,Michigan
4132,29220,Meghan Shoals,NewHampshire
4167,8,Thea Expressway,Maine
4179,6,Heaney Pike,Georgia
4209,74267,Beatty Estates,NorthCarolina
4285,0,Heller Islands,Utah
4311,2,Fay Underpass,NorthCarolina
4359,36041405,Littel Course,Wisconsin
4361,3,Maxie Squares,Alabama
4362,945851791,Mohr Radial,Louisiana
4481,1042622,Johns Run,Washington
4499,1438095,Adan Parks,Iowa
4514,76352885,Avis Cove,Alaska
4536,40137,Boyer Land,Idaho
4672,46828,Lavon Drive,Montana
4726,7,Brendan Mountains,Hawaii
4862,1638,Kira Ridge,Hawaii
5018,245,Gaston Well,Maine
5022,844,Bernier Radial,Massachusetts
5187,88,Giovani Alley,Tennessee
5270,22727379,Bartoletti Mills,NewHampshire
5339,786395013,Mackenzie Expressway,Montana
5371,0,Grace Avenue,Minnesota
5378,853,Champlin Rue,Massachusetts
5383,5939,Ledner Harbor,Tennessee
5390,7,Toney Stravenue,WestVirginia
5415,0,Malachi View,NewMexico
5455,678841779,Winnifred Motorway,NewYork
5478,0,Maya Throughway,Wyoming
5579,458655741,Gottlieb Knoll,NewJersey
5716,36,Hermann Isle,NewYork
5812,412059924,Bogisich Pines,Wyoming
5925,914452,Grady Mill,Washington
5961,4220118,Mills Ports,California
5971,991664,Coy Streets,Maine
6045,345,Steuber Turnpike,Colorado
6182,1,Treutel Landing,NewJersey
6245,878,O'Kon Square,Oklahoma
6248,968272,Mike Port,Ohio
6294,36954825,Towne Gateway,Connecticut
6307,2907,Tillman Centers,Alaska
6420,0,Helena Course,SouthCarolina
6524,7,Bernier Mount,Georgia
6559,1817466,Joy Estates,Idaho
6630,3,Hettinger Island,Idaho
6661,13955767,Collin Village,District of Columbia
6917,4,Lowe Loop,Florida
6974,137,Watsica Stream,District of Columbia
7024,0,Christ Lodge,SouthDakota
7474,58,Jast Groves,Missouri
7530,877809706,Purdy Fork,Minnesota
7547,376,Beaulah Green,NorthCarolina
7561,0,Meaghan Views,Alabama
7574,7841705,Luettgen Manor,SouthDakota
7737,60868,Bud Circles,Vermont
7742,80819,Watsica Branch,Connecticut
7901,36217747,Jeremy Junction,Kentucky
8129,90503,Gerhold Burg,Montana
8130,20,Janiya Burg,Georgia
8150,646,Kadin Mountain,Connecticut
8367,7,Beahan Creek,Indiana
8382,2141137,Weimann Views,Ohio
8522,0,Sporer Row,Alabama
8549,71500086,Leo Radial,Wisconsin
8722,252142626,Cormier Stream,California
8750,764955924,Jacobs Path,Nebraska
8765,884411,Kuhlman Branch,Nevada
8831,91,Nolan Square,Kansas
8904,9841568,Koss Islands,Louisiana
8913,29835277,Emmerich Rest,RhodeIsland
8945,523899256,Winfield Oval,NorthCarolina
9082,5,Champlin Pine,Montana
9153,6986,Giuseppe Loaf,Illinois
9212,5159,Fritsch Centers,Oregon
9234,843392760,Bailee Row,Wisconsin
9250,9415,Lakin Valleys,Washington
9305,81990985,Dorcas Track,Maine
9449,0,Baumbach Meadows,Kansas
9464,54119649,Abshire Plaza,Wyoming
9547,8,Stokes Loop,Mississippi
9697,7825,Emmerich Land,Kansas
9716,147280403,Ferry Causeway,Alaska
9778,94394,Mireille Fall,District of Columbia
9840,5260499,Ayden Glen,NewMexico
10244,4,Brent Turnpike,Kentucky
11276,0,Kessler Trafficway,Louisiana
11365,4042,Kunze Burg,Massachusetts
11457,212182,Rashawn Lakes,NewMexico
11499,611,Stroman Throughway,Delaware
11805,7,Liliana Trail,Florida
11909,1602879,Doyle Trail,Tennessee
12128,0,Gerhold Springs,Michigan
13022,3718,Feil Stream,SouthDakota
13830,856,Hayes Circles,Alaska
15128,74997,Haley Plaza,Massachusetts
19764,69891,Heaven Wells,Alaska
20007,409,Violette Run,Michigan
20272,24,Clinton Throughway,Washington
20276,651254856,Coby Extensions,Wisconsin
20684,9581162,Maria Rapids,Minnesota
20967,476035241,Amina Ferry,District of Columbia
21211,9966030,Arlene Centers,Maine
21302,5848,Nikolaus Points,Missouri
21438,3,Lela Burgs,Arkansas
21861,12380,Mary Parkways,SouthCarolina
22055,4280397,Nathaniel Estate,Maine
22641,779968516,Olson Circles,Colorado
22735,4286,Walker Estate,Alabama
22739,2821,Micheal View,Illinois
22841,0,Kozey Villages,Kansas
23161,1059,Craig Burgs,Colorado
23327,67743233,Perry Squares,Alaska
24319,7211196,Schaefer Bridge,NewHampshire
24390,867069,Shany Path,Arkansas
24545,814585435,Corwin Wells,Utah
25720,178,Rachael Expressway,SouthDakota
26646,3332,Beatty Locks,Alaska
26947,27908,Murray Gardens,Virginia
27137,94,Dax Corners,RhodeIsland
30360,669231,Bella Turnpike,NewHampshire
30776,149260,Dibbert Mountains,Colorado
31387,16,Ortiz Street,Vermont
31580,2004088,Alek Islands,Iowa
34603,23144231,Gunner Lane,Arizona
35777,0,Cummings Square,Texas
36609,9998,Nicolas Rapids,Maryland
36881,0,Franecki Mountain,RhodeIsland
38018,817124,Giovani Stream,Illinois
38165,479845,Idell Streets,Kentucky
38326,491970916,Cole Shores,Nebraska
39917,5,Arch Field,Montana
39974,0,Mertz Station,Hawaii
40618,205414242,Trever Vista,WestVirginia
41251,83628,Gertrude Lights,Virginia
41422,0,Dare Extension,Oregon
43127,7925,Dejah Squares,Washington
43456,70610681,Anita Wall,Hawaii
43691,1505790,McCullough Alley,NewHampshire
43869,176,Lizzie Canyon,California
44306,35,Gerlach Ramp,Iowa
44729,101825,Yundt Avenue,Vermont
45169,4643,West Oval,Utah
46391,572,Cummerata Alley,Delaware
47380,0,Jerrod Fords,Utah
47539,2323,Goodwin Radial,SouthDakota
47805,7430,Conrad Ranch,Oregon
48396,616207,Lois Station,Tennessee
50757,3894426,Karli Crossing,Mississippi
51087,51316149,Marcelina View,Florida
51139,3,Lowe Mount,Wisconsin
51922,48386,Luettgen Mountain,Missouri
52290,23,Percy Island,Montana
53391,16986117,Jamal Run,Georgia
53990,992,Schuppe Parkways,Utah
55379,96,Pagac River,Nevada
55972,898376,Lauriane Oval,Nebraska
56261,125667,Gottlieb Gardens,California
57229,770808,Corkery Islands,Oregon
57325,58656717,Bergstrom Inlet,NorthDakota
57918,72232205,Goldner Corner,Texas
58602,159457348,Justyn Glen,RhodeIsland
59369,5944,Rylee Mission,Iowa
60288,78091,Kale Centers,Maryland
60691,0,Effertz Via,Vermont
61117,2024,Kassulke Squares,Arkansas
62388,12244514,Garland Crescent,SouthCarolina
66936,1058,Wilson Pine,Indiana
67728,48264,Torrey Drives,Washington
68102,123692,Rod Overpass,Louisiana
68298,0,Yazmin Court,Connecticut
69969,865369,Jermain Shoals,Vermont
70504,6888,Stiedemann Hills,NewHampshire
70551,24763039,Herminio Shoals,Maryland
71048,358128,Gottlieb Manors,Kentucky
72459,7,Smitham Fort,Mississippi
72533,38,Drake Trace,California
72581,0,Little Motorway,District of Columbia
72674,644060,Magdalen Court,NewHampshire
72926,99,Marty Lock,NewJersey
73645,632772,Fahey Ferry,Pennsylvania
74170,39330954,Gail Hollow,Wyoming
75245,9268,Herman Stravenue,Idaho
76122,71009528,Trantow Terrace,SouthCarolina
76788,68340717,Smitham Meadows,NewJersey
77259,70,Wisoky Neck,Alabama
77524,0,Windler Locks,Connecticut
79497,1514,Imogene Isle,Delaware
79611,26803139,Glover Ridges,District of Columbia
80435,5454,Hahn Ridges,Vermont
80459,3797,Lora Haven,Maryland
80698,8,Violet Court,Hawaii
81035,1247,Ferry Brooks,Washington
81277,0,Isaias Shore,Nevada
81934,55954,Gia Square,Alabama
83039,0,Gerardo Curve,NewHampshire
83337,69307,Verona Springs,SouthDakota
83885,5614304,Prohaska Vista,Iowa
84096,0,Daniel Spring,NewJersey
84371,847832621,Schinner Springs,SouthDakota
84650,0,Volkman Motorway,RhodeIsland
84740,99,Rolfson Well,NewHampshire
85394,12469,Effertz Curve,Maine
85428,0,Stella Orchard,California
86123,3,Gutmann Stream,Alabama
87059,67731,Tremblay Squares,Tennessee
87203,6982,Stiedemann Brooks,Indiana
87676,8494455,Sophia Haven,Oklahoma
87729,752476,Kreiger Isle,Washington
88032,76200634,Ettie Hill,Hawaii
89511,868549,Schneider Island,Wisconsin
90786,86,Kameron Mall,Delaware
91707,9394,Telly Mountains,Idaho
92281,630,Satterfield Rapid,SouthCarolina
92306,3,Ratke Ridge,NewYork
92565,959686,Heidenreich Green,NewJersey
94341,806,Blanda Stream,NewHampshire
95560,7,Victoria Key,Wisconsin
96153,0,Leola Court,Missouri
96933,860078600,Turcotte Course,NewMexico
97225,155,Keebler Plains,Wisconsin
97304,994,Kayla Club,Delaware
103907,1640931,Franecki Greens,Kentucky
105049,6620,Sauer Dale,Iowa
108830,673765,Kozey Ridge,Michigan
138794,0,Cormier Unions,Connecticut
144281,808448574,Herman Springs,Idaho
147341,633,Keira Stravenue,District of Columbia
163310,2724,Mary Plaza,Wisconsin
172638,938137,Justina Crest,NewMexico
183139,971,Cronin Ranch,SouthCarolina
186347,1584,Collins Cliff,Hawaii
187742,97028239,Landen Streets,Ohio
192828,0,Bergnaum Forks,Washington
201505,727745332,Harvey Shoal,Washington
204984,45340390,Fahey Falls,WestVirginia
216146,493440967,Mayert Lock,Wisconsin
224933,86969449,Alaina Corner,Florida
234449,829675499,Tad Key,SouthDakota
236320,0,Nienow Cape,WestVirginia
237480,0,Hilbert Spurs,Alabama
267737,0,Walsh Prairie,California
279921,306,Spencer Forges,District of Columbia
286839,94560,Henri Expressway,WestVirginia
292805,488,Boyer Trail,California
295327,3115908,Minnie Orchard,California
300414,69,Sarina Manors,Florida
304814,1,Sporer Crest,SouthDakota
305888,5,Brown Mill,District of Columbia
311225,96275136,Weimann Expressway,Texas
312218,72622449,Chet Oval,District of Columbia
313298,7,Barton Dam,Arkansas
313917,7302,Jovani Trafficway,Washington
315517,73,Rickie Junctions,Illinois
323553,198,Koepp Trace,Kentucky
327343,2968624,Sonny Station,Oregon
331128,308,Bartell Pike,Nebraska
335251,41816235,Cloyd Place,Hawaii
338639,109,Lowe Plaza,Nevada
343308,576727643,Laverna Loop,Connecticut
347850,940859389,Lillie Meadow,NewJersey
357675,6319,Schinner Knoll,Maryland
360559,1,Rempel Courts,Georgia
372405,661337377,Kuvalis Forge,Colorado
373570,562511234,Smith Inlet,Georgia
398258,80800,O'Conner Knoll,Texas
410735,8969,Feeney Extension,Iowa
417747,91058584,Leonor Cove,Florida
418208,274778,Blanca Hills,District of Columbia
424969,564025551,Breanne Circles,SouthCarolina
440150,295183,Yundt Forest,Utah
456773,747191,Cristopher Rapid,Kansas
473419,0,Conn Point,WestVirginia
473889,50998,Howell Mountains,Texas
480092,17,Deon Expressway,Illinois
489039,706494,Colton Branch,NewHampshire
512901,9509859,Bosco Union,NewJersey
523314,7479508,Rowe Lane,NorthDakota
539066,0,Mitchell Trail,SouthCarolina
539700,8647885,Lora Drive,Pennsylvania
540406,8188531,Bartell Divide,Iowa
551996,634,Satterfield Shoal,Washington
562924,0,Stamm Spurs,Arizona
571274,47035095,Block Flats,NewYork
572678,48045518,Abbott Brooks,NewMexico
574356,10142,Goodwin Circles,Alabama
584302,5,Larson Hollow,Alaska
594377,4242342,Raymundo Throughway,Florida
601353,21,Wisozk Islands,Massachusetts
608266,802903,Brown Corner,Arkansas
608867,8,Dariana Well,Arizona
611837,8746,Crooks Junctions,Delaware
643872,2250714,Rick Terrace,Utah
650877,9705,Shakira Valley,Nevada
660767,3400774,Oberbrunner Extensio,Nebraska
667890,9567,Bergnaum Branch,Maryland
668376,3,Runolfsdottir Crossi,Florida
668561,455392237,Larkin Terrace,Wyoming
671815,123604404,Muller Hills,Oregon
672636,0,Maximillia Loaf,District of Columbia
672730,6,Reinhold Way,Hawaii
676040,64770,Kshlerin Parkways,NewJersey
685272,7,Legros Mountains,Maryland
705722,480782770,Schaefer Tunnel,Texas
723570,0,Ebba Track,Missouri
735973,76291,McCullough Mission,NewYork
744712,5954,Moore Spur,Virginia
746016,67157,Tyrell Estates,NewHampshire
754453,44633,Francis Walks,Alaska
754601,1311,O'Connell Hill,Mississippi
771000,644230,Jakubowski Creek,Alaska
784183,7429,Jast Pass,Texas
794688,72757121,Mraz Trafficway,Pennsylvania
800371,5,Deshaun Via,Maine
808285,151462892,Colt Field,Colorado
832934,0,Alysson Run,Alabama
841381,0,Myron Spur,Pennsylvania
858143,726752602,Etha Path,Louisiana
870334,8794302,Gabriella Extension,Minnesota
875762,0,O'Reilly Landing,Florida
887424,52,Murazik Drive,Virginia
889744,99222,Keebler Key,Arkansas
896982,61,Nigel Course,Alaska
909568,5,Harvey Loaf,Minnesota
920016,948,Tromp Trail,NewHampshire
922277,604567,Bahringer Path,NewJersey
943048,4892438,Runolfsdottir Forges,NorthDakota
944713,56474,Leora Station,NewJersey
947968,5442,Keeling Field,California
955739,7428716,Rafael Manors,Missouri
958418,6764,Melany Plain,Michigan
981400,14774,Trevor Ford,NewMexico
991482,566521,Lockman Plains,Virginia
1007513,989359253,Gusikowski Squares,Idaho
1008815,0,Garfield Stream,Texas
1024398,1,Jacobson Trail,NewYork
1252890,0,Kirlin Trail,SouthCarolina
1351883,62888,Judd Summit,Massachusetts
1387778,67,Reginald Harbors,Illinois
1559087,61206,Kunze Locks,Minnesota
1652093,425257378,Harris Freeway,Wisconsin
1723031,6063,Schaefer Station,NewJersey
1849994,4164,Conroy Keys,NewYork
1855389,46,Mosciski Ports,Nevada
1899356,2,Herbert Coves,Montana
1955686,92,Shields Centers,NorthCarolina
2070359,2,Steuber Crossroad,Arkansas
2085078,0,Gerlach Ferry,Indiana
2110405,7,Rolando Common,NewMexico
2128702,7780953,Miller Heights,Washington
2132245,4531,Isobel Flat,Oklahoma
2261786,3682,Lemuel Drive,Minnesota
2336192,99,Waters Vista,Indiana
2401836,99874096,Kautzer Knolls,Connecticut
2402898,245635,Emmy Gardens,Pennsylvania
2435135,7,Ima Radial,Missouri
2487043,25033,Brycen Village,Indiana
2551016,629857,Stracke Way,Illinois
2568920,4839911,Sigrid Course,Delaware
2690231,9146413,Laura Square,Colorado
2715593,774024,Trudie Unions,Georgia
2756396,579,Halvorson Viaduct,Idaho
2803274,3483115,Homenick Well,Ohio
2849940,310,Veronica Coves,Utah
2904088,6,Alyson Manor,Missouri
3312380,50393648,Stokes Forge,Minnesota
3487490,9163,Jerrold Track,Vermont
3562995,9,Gerhold Radial,Vermont
3569891,4,Edward Lane,Mississippi
3697401,36564204,Elva Greens,SouthCarolina
3762793,7533483,Naomie Hills,NewHampshire
3768729,826569,Hauck Mount,Missouri
3829437,436038303,Shanna Overpass,NewJersey
3839761,90495995,Sawayn Groves,NewYork
3937666,129,Berge Isle,Oklahoma
4047908,0,Hudson Circle,Montana
4135270,158520,Kutch Trafficway,Washington
4135408,0,Reichel Stravenue,NorthDakota
4266372,672440,Schamberger Crest,Virginia
4303500,302102720,Purdy Vista,NewJersey
4477984,0,Else Canyon,Colorado
4482140,84642,Thiel Tunnel,Minnesota
4486540,46462,Donavon Villages,Colorado
4575794,0,Wyman Canyon,NorthDakota
4633541,4,Norbert Vista,Maryland
4761846,5773326,Macejkovic Springs,Georgia
5097130,1098511,Felton Ports,Vermont
5100743,904216247,Bauch Corners,Colorado
5106504,58727,Heidenreich Loop,Virginia
5179552,63601,Alva Mill,Ohio
5346453,7,Hermann Passage,Pennsylvania
5367978,56587,Darrel Glen,Idaho
5447967,1,Kshlerin Park,Nebraska
5555346,766102,Kling Road,Missouri
5625415,0,Antonetta Harbor,SouthCarolina
5669875,382213932,Ashlynn Prairie,NewJersey
5712107,946,Mortimer Center,WestVirginia
5723480,7175378,Cordie Summit,Massachusetts
5744245,0,Shanny Cape,Mississippi
5887434,746056840,Bo Freeway,Nebraska
5925283,891913,Rebekah Locks,NorthCarolina
5968381,8,Kutch Junction,Connecticut
6160390,6,Marquardt Lodge,Connecticut
6169294,20095,Alda Field,Hawaii
6215918,3819,Veum Dam,California
6250706,0,Wilhelmine Station,NewMexico
6275365,26821583,Jamar Branch,Vermont
6323788,0,Little Roads,Iowa
6341917,4495,Yessenia Freeway,Connecticut
6380051,0,Parisian Pass,NewJersey
6391102,2187573,Jennyfer Cove,Arkansas
6610436,655,Alf Passage,Idaho
6628637,4234486,Charlotte Plaza,Arizona
6643986,913,Hosea Lodge,Ohio
6823126,792,Cassin Estates,Nebraska
6835114,32834571,Waters Mews,NorthDakota
6847004,9,Daryl Common,NewMexico
7106658,2748,Noemi Squares,Alaska
7124037,19,Nicolas Crest,RhodeIsland
7227565,6,Friedrich Cliff,Oklahoma
7271684,151194870,Mueller Haven,Maine
7348079,62,Trantow Rue,Pennsylvania
7360429,13580,Garrison Dale,WestVirginia
7468360,26911,Kunde Motorway,Florida
7518931,9522,Turner Fall,Utah
7551405,887,Prosacco Turnpike,Wyoming
7642452,624,Jane Port,Washington
7681561,46,Braeden Canyon,NewJersey
7696527,348,Eichmann Tunnel,Iowa
7744872,868859,Patience Mission,Montana
7754881,7263270,Rath Trace,Michigan
7772420,2905,Kuhlman River,Utah
7846906,67,Lemke Lakes,SouthCarolina
7942057,656774,Thora Tunnel,Minnesota
8149497,71142312,Predovic Ranch,Arkansas
8228691,990117,Rashawn Stravenue,SouthCarolina
8236435,0,Renee Passage,Alaska
8306803,0,Katelyn Wall,District of Columbia
8401192,40837301,Jerome Port,Idaho
8503280,969369977,Madalyn Walk,Idaho
8513897,271825677,West Coves,Delaware
8535229,983,Meredith Burg,Wisconsin
8565603,7150516,Huels Fork,Hawaii
8579090,28498,Sawayn Ramp,Ohio
9024968,698027981,Arturo Forge,NewMexico
9077070,36,Madelynn Highway,Oregon
9193469,715680400,Bernice Mountain,Massachusetts
9234375,4732,Skylar Radial,NewJersey
9248653,684746813,Cummerata Extension,Ohio
9447346,0,Watsica Light,Illinois
9490898,68100,Abbott Turnpike,Connecticut
9516907,2381,Fredy Expressway,Virginia
9898857,764911075,Kovacek Plain,Arizona
9899679,448507831,Jamarcus Trail,Montana
10111615,6750046,Lydia Dale,Kentucky
10268947,512,Burley Fort,Virginia
10471828,45797,Lonny Landing,Alabama
10669239,3,Schmitt Trafficway,Maine
11109286,59,Bryon Extensions,Georgia
11319705,587028,Roob Parkway,Missouri
11641424,1,Seamus Hollow,RhodeIsland
13514149,950,Christiana Skyway,Illinois
13533155,523,Elyse Stream,NewMexico
14429886,0,Arnaldo Ways,SouthCarolina
16487929,25284497,Brooks Meadows,Connecticut
16959711,958,Bode Course,Vermont
22376560,9132,Windler Mills,Nebraska
22983770,0,Frida Key,Nevada
23552004,752,Christiansen Heights,RhodeIsland
24405864,93259,Braun Overpass,Montana
24728325,38868,Reese Lakes,RhodeIsland
24737327,82780,Will Lodge,Indiana
25699364,4,Roderick Coves,Arizona
26365629,2,Jovany Ranch,Virginia
26622795,685542867,O'Keefe Crescent,SouthDakota
27885095,69,Gutkowski Plains,Kansas
28405380,5347680,Ladarius Grove,Alaska
28916093,692487,Enrico Shoals,Tennessee
31703873,0,Koelpin Forks,Oregon
31847153,63480,Karl View,Texas
32195844,179,Percival Wells,Iowa
32197921,25,Izabella Fall,Tennessee
34011344,82503,Smith Squares,Indiana
34019656,0,Runolfsdottir Strave,Oregon
34745797,973801055,Lauren Meadows,Wisconsin
35384435,8104838,Stamm Squares,Hawaii
35761175,0,Ziemann Grove,Delaware
36234491,2,Harvey Fields,Iowa
36299311,69020171,Jany Motorway,RhodeIsland
37186248,244975,Norwood Forest,Mississippi
37311368,33661120,Scot Harbor,Oregon
37605766,35261021,Botsford Mews,Wyoming
37957178,245873,Satterfield Plaza,WestVirginia
38219002,9720682,Bayer Meadow,Iowa
38390723,856678870,Blanca Highway,NewMexico
38667238,0,Evie Fords,Florida
39285262,0,Iliana Alley,NewHampshire
39772945,92073652,Kohler Mills,NewJersey
40134850,0,Moore Springs,Delaware
40398101,60,Dusty Common,Alabama
40543551,798859,Kutch Estates,California
44476597,4328535,Roma Avenue,SouthCarolina
44733350,951100,Bauch Locks,Nevada
44836464,6494244,Ezekiel Trail,Oklahoma
45051848,745,Clare Corners,Illinois
46140982,784,Erica Radial,Utah
46475470,13418492,Marta Manors,SouthCarolina
48027834,993,Colby Manors,Alaska
48401623,56169,Alva Brook,Indiana
49036174,92,Tate River,Vermont
49931104,618634,Cassin Summit,NewJersey
50979624,49666491,Jana Park,Delaware
51125676,6773463,Demond Underpass,Vermont
51130008,972854939,Stoltenberg Island,Vermont
53479527,37406487,Beahan Landing,Minnesota
53485427,26075,Gibson Flats,Missouri
54155289,6412551,Denis Pines,Indiana
54433666,64834,Avis Gardens,Missouri
55940417,1,Friesen Centers,District of Columbia
56155517,4006557,Durgan Lake,Florida
56595987,80273,Kemmer Shoal,Kansas
57152540,7178217,Keyon Pines,SouthDakota
58143104,89425607,Orlando Groves,Oklahoma
58716501,71,Ruth Unions,Missouri
58895128,818801068,Halle Stream,Virginia
59147171,4,Vandervort Overpass,Indiana
59860182,61134644,Howell Circle,Idaho
59864779,281,Muller Alley,Texas
60341605,0,Felipe Circle,Nevada
61287554,6,Bridget Cove,Wisconsin
62153817,3818,Gleichner Bypass,Wisconsin
63088638,814012110,Hilma Courts,Hawaii
63473372,41,Gunnar Rest,Tennessee
63524496,86503993,Bergstrom Harbor,District of Columbia
64061192,0,Destini Track,NewHampshire
64896260,83,Marina Forest,NorthDakota
65196714,9316,Tito Mission,Maryland
66716722,0,Mosciski Tunnel,Pennsylvania
68197028,0,Wunsch Islands,NewYork
68269824,6311124,Thiel Mews,Indiana
69021130,1367,Shawna Radial,Tennessee
69286342,5290,Cristopher Lake,Hawaii
70203351,70,Wilfred Square,Idaho
70514848,56,Gaylord Islands,Indiana
71413426,407,Jenkins Springs,Indiana
71828134,0,Etha Spur,Delaware
73076685,3651547,Kyle Mews,Michigan
73543570,0,Pattie Park,NewHampshire
74335085,9090,Witting Villages,Mississippi
74452989,95835,Ruby Village,Oregon
74666956,6771451,Daugherty Rest,WestVirginia
75805979,55,Augusta Roads,Indiana
76159079,984,Macey Tunnel,Arizona
77779720,65980367,Dante Meadows,Ohio
77840936,0,Hintz Hill,Arizona
78247038,42922,Lockman Drives,Virginia
81047742,370,Jamaal Parkway,RhodeIsland
81865110,0,Emard Meadows,Ohio
82281727,6097066,Medhurst Lake,Michigan
82391677,3704,Stracke Ridges,Kansas
83460760,99968549,Guillermo Port,SouthCarolina
83609540,6672637,Torphy Via,SouthCarolina
83835485,66,Arnold Ridge,Nevada
84175970,6601,Earl Oval,NewJersey
84428815,6672866,Randy Estates,NewMexico
84508461,0,Bergnaum Corner,Oklahoma
84661704,559,Swift Throughway,Oregon
84708341,372204234,Gleason Burgs,Florida
85169745,5561802,Ocie Avenue,Arkansas
85500669,7041,Miller Underpass,Louisiana
85780286,0,Adams Rapids,Arizona
85851237,0,Ethelyn Trace,Wisconsin
86490866,94653073,Sincere Radial,Minnesota
86824252,6,Kuhn Green,Oregon
87879227,89162723,Jaunita Ridges,Nevada
89215893,0,Wilkinson Plaza,Arizona
89265325,95008350,Gleason Estates,Oklahoma
90395873,368,Wisoky Course,Iowa
90821744,0,Gutkowski Skyway,Louisiana
93358730,166887,Bailey Light,Texas
93562449,87883262,German Squares,Texas
93712984,0,Chet Curve,Alaska
93783566,690784550,Gottlieb Hill,District of Columbia
93915925,717466130,Jaylon Underpass,Kentucky
93967873,1458,Pouros Track,Arkansas
96126332,63,Reinger Well,Iowa
96833740,9533,Frederick Cliffs,Montana
97391174,779155399,Brakus Land,NewMexico
98879918,370340,Kobe Hollow,Virginia
99497387,22,Derrick Glen,RhodeIsland
106739471,58476624,Virginia Radial,SouthCarolina
117291500,8029,Ara Glen,Kansas
117485067,9943,Grant Freeway,Kentucky
130713284,17373821,Sylvia Wells,Kentucky
152737959,0,Kemmer Stravenue,Washington
153995626,5793,Mabel Forges,NorthDakota
165576912,206,Hector Burgs,Ohio
187121944,92,Jairo Way,Iowa
191259332,0,Keara Coves,Tennessee
203144787,69,Waters Cove,Idaho
207575491,684633,Anita Vista,Minnesota
215414877,219555065,Jordan Trace,Ohio
230941366,87,Walter Divide,Wisconsin
239817345,455,Durward Roads,Mississippi
244447713,82,Marks Mills,Tennessee
254608014,985736,Krajcik Dam,Wyoming
256495805,1309,Abernathy Greens,NorthCarolina
261767918,157416,Kerluke Spurs,NewMexico
262383786,300840613,Streich Falls,Michigan
264881241,27112,Nicolas Pass,California
265526903,9094,Theresa Locks,Pennsylvania
265953026,119103,Oberbrunner Square,Mississippi
270685891,181828,McClure Drive,SouthDakota
284290273,414593,Rolfson Drive,Utah
285639730,915,Susie Wall,Idaho
289455680,612521,Ola Vista,NorthCarolina
299706750,0,Marks River,SouthDakota
301093796,950,Dicki Viaduct,Maryland
302764487,4,Marques Tunnel,Tennessee
303681809,486227221,Else Plains,Kentucky
313714839,33,Hermiston Camp,Maryland
313835899,65328986,Domenick Mountain,Alabama
314213714,303077243,Schmidt Extension,Hawaii
323463611,0,Milo Court,Arizona
342773484,5679007,Mohr Square,Iowa
344955114,4,Champlin Road,NorthDakota
346384641,2185896,Nikko Hill,Pennsylvania
351161697,51,Olson Station,Virginia
357744512,28847914,Gayle Throughway,Wyoming
362321700,1174883,Dewitt Prairie,Delaware
363808155,3,Sheldon Ways,Georgia
373657870,706,Bradtke Shoals,Iowa
375360327,39607,Cydney Vista,Utah
378564605,56034,Mann Alley,NewMexico
380543589,97128552,Claud Camp,Colorado
382856308,69431,Kuphal Way,NorthCarolina
392297132,8107,Wilhelmine Ridge,Alabama
397263761,5618,Neal Plaza,NorthCarolina
412270963,1270,Bulah Village,Arizona
422824225,743467,Ike Knoll,NewMexico
427986597,7163,Elinor Isle,Mississippi
432122744,5002,Walker Run,Kansas
438349757,267,Alexander Coves,Mississippi
439936676,4115,Schultz Parks,SouthCarolina
461129960,0,Dietrich Cliff,Alabama
471392686,516710828,Macejkovic Walk,Alaska
473113422,2703,Ward Garden,Oregon
475877949,93210804,Juliana Falls,Texas
482111419,3054,Jacobi Knoll,Utah
491128914,0,Daugherty Harbors,RhodeIsland
499135921,55265,Dickens Isle,Missouri
500906329,4306791,Dibbert Squares,Oklahoma
510334779,5643,Jaskolski Plains,Ohio
510395214,850,Howe Estates,SouthDakota
510758495,3597940,Block Islands,Florida
510939104,7525276,Lind Centers,Kansas
513452038,7647799,Daryl Pine,NorthCarolina
513461883,0,Schimmel Way,Michigan
528845642,9393,Bradley Greens,WestVirginia
533585104,0,Mraz Hill,Alaska
538104545,317,Jast Ridges,Oklahoma
563574845,88730857,Randy Keys,Wyoming
572875090,2219963,Ruecker Camp,Oklahoma
573285060,227962,Pfeffer Extension,SouthDakota
575467186,0,Tyshawn Pine,Vermont
579468948,37601065,Eric Alley,Illinois
579926416,0,Spencer Ramp,SouthCarolina
583262640,19940175,Mafalda Circle,Oklahoma
585060578,8996400,Cruickshank Turnpike,Wisconsin
600215239,7758140,Garret Stream,Vermont
602343123,6997250,Hettinger Shoals,Wyoming
607506745,416880645,Kim River,NorthCarolina
616140203,659884853,Elisabeth Wells,Indiana
618315834,975918,Ryan Path,RhodeIsland
619352283,98840,Karine Spring,Indiana
624280024,6,Yost Junction,Nebraska
628914424,142993,Dibbert Estate,Arkansas
634367758,55,Jedediah Hollow,NewJersey
642692895,39567,McKenzie Manors,Nebraska
648891518,3520711,Dewitt Stream,Arizona
658907217,61,Citlalli Expressway,NewJersey
681053408,15965,Beer Trail,Hawaii
688002595,663207361,Dooley Rest,Georgia
689818263,46,Cheyenne Path,NewYork
696435920,9214,Geoffrey Freeway,Illinois
697800524,0,Morar Locks,Massachusetts
706199755,824,Adrienne Loaf,Idaho
740527061,60160886,Loy Pass,SouthCarolina
743339438,852430,Wiegand Lock,California
751902059,81,Caterina Light,Nebraska
753688719,0,Smith Summit,Alaska
769735956,11,Greenholt Centers,Ohio
775294336,821907,Remington Estate,Kentucky
780810834,594301,Antwon Causeway,Massachusetts
782370162,0,Keagan Creek,WestVirginia
785390510,11069022,Lauretta Corner,Texas
798994380,142,Wilfredo Hollow,Louisiana
799117842,0,Mueller Alley,Wisconsin
800605873,6,Mann Cove,District of Columbia
810205453,8,Selena Parkway,Oklahoma
813852644,518797082,Pfeffer Knolls,Alabama
816846453,21376,Macey Circles,Alaska
822259502,417407,Greenholt Springs,Florida
822990488,992744162,Breitenberg Lights,Montana
823785973,0,Josephine Haven,NewHampshire
834965317,482060856,Ledner Ridge,California
838743500,0,Jacobs Branch,Missouri
853687609,521220943,Keebler Overpass,Ohio
861958782,1,Erdman Extension,Washington
869793345,40083,Kole Port,Oklahoma
874280003,0,Helga Branch,Alaska
876210053,93690451,Schimmel Ramp,Maryland
879327394,512430,Beahan Summit,Oklahoma
881394717,427039104,Smith Knolls,Texas
889970625,662222,Nelle Ramp,SouthDakota
906135572,55,Addie Skyway,Hawaii
914431375,895353465,Greenholt Lock,Georgia
938672880,804639,Gleichner Locks,Washington
949722478,946319,Brown Corner,Tennessee
950114028,5,Dare View,Tennessee
969136781,592631743,Michale Springs,Virginia
971811391,80,Payton Pines,California
982967038,673194,Kessler Pines,Hawaii
998664864,40,Ortiz Greens,SouthDakota
