SellerId,PhoneNumber,sname
0,192,Dr. Mozell Kuphal II
1,900072,Kyler Wilderman
2,994,Mr. Hilbert Hirthe
3,441,Prof. Albert Conn
4,0,Jerel Simonis
5,989,Thurman Treutel IV
6,1,Prof. Nathan Macejko
7,327026,Loraine Howe III
8,2147483647,Ms. Gracie Schinner
9,440741,Estell Weissnat
10,1,Maxwell Gaylord
11,3,Mrs. Leila O'Conner
13,1,Ms. Georgette Leffle
15,1,Dr. Mekhi Lindgren D
16,1357038672,Prof. Alf Herzog
17,814858,Nathaniel Block
18,782,Athena Weissnat
19,28342,Virginie Pfannerstil
20,885021,Clarabelle Rau
22,1,Oceane Watsica
23,0,Sigrid Gulgowski
24,834,Margarete Thompson
25,568,Prof. Theron Leuschk
26,1,Jerel Rippin
27,2147483647,Caroline Runte
28,395707,Duane Roob
29,923064,Dr. Eldora Boehm MD
30,1,Alden Ullrich
31,85,Kristina Hammes
32,1,Olen Cartwright Sr.
34,2147483647,Alyce Nitzsche
35,0,Prof. Olen Kuphal
37,1,Barrett Macejkovic V
38,448,Enid Quitzon
41,1,Karli Oberbrunner
44,1,Niko Feeney
45,0,Litzy Gislason
48,1,Kaitlin Kassulke
49,857355,Ms. Leonor Huel
50,0,Mozelle Keeling
51,1,Kayley Batz
52,0,Ebony Grady
53,272352,Melvina Walsh
54,617,Prof. Kyler Zboncak 
56,20053,Carlo Fisher
57,1,Clemens Mraz
58,628315,Eleanora Howell
60,0,Ms. Yadira Cummings
61,125261,Ova Schultz
62,1,Ceasar Nader
63,64629,Mason Jacobson
64,884692,Mr. Laurel Ortiz Sr.
65,419103,Miss Danyka Bechtela
67,0,Mrs. Ocie McKenzie
68,2,Marjory Toy
69,0,Mallory Dicki
70,1,Terrence Graham
71,2147483647,Edmond Wiegand
72,357,Prof. Judd Brakus
73,1,Dr. Aniya Keebler DV
74,88,Mr. Talon Cartwright
75,91,Lonny Rempel
76,915821,Mr. Keyon Ferry
77,0,Willa Rogahn
78,1,Eugene Gulgowski
79,349481,Mrs. Meagan Konopels
80,0,Eleonore Wiegand
81,960,Noemie Johnston
83,117,D'angelo Renner
84,591661,Prof. Celestine Wate
85,1,Vergie Homenick
88,557983,Jeanette Schmitt
89,379679,Mrs. Estrella Runte 
90,449560,Burdette Daniel
92,1,Mrs. Arielle Sporer
93,2147483647,Mrs. Caleigh Hilll
94,0,Alverta Stracke Sr.
95,1,Jaqueline Thiel
96,2147483647,Curtis Kunde
97,2147483647,Tara Cruickshank
98,607163,Dr. Mohammad Schaden
102,4,Brooke Hansen
104,2147483647,Thaddeus Crist
106,1,Prof. Germaine Cartw
107,539886,Forest Dickens
109,13,Dr. Lia Morar
111,1,Laney Thompson
113,455923,Laura O'Kon
118,879,Prof. Brook Hintz
162,7,Maegan Hessel
163,2147483647,June Frami
168,1,Prof. Emilio Sporer 
176,2147483647,Jewel Mitchell
185,733,Mr. Wiley Bernhard
192,0,Theodore Balistreri
199,2147483647,Jenifer Medhurst
202,1,Kacie Hermiston
209,309,Kasandra Huels
216,879,Miracle Gaylord
217,0,Vernice Osinski
221,0,Hollie Luettgen
229,106,Amani Durgan
232,8511,Lurline Windler
235,405,Prof. Freida Marvin 
245,586,Dr. Glenda DuBuque
248,881512,Tyshawn Klein
253,511244,Colin Greenholt IV
262,1,Wilford Kuhlman
270,1,Brad Bogisich
273,932,Prof. Nakia McClure 
280,752842,Shaylee Runolfsson
281,824,Erik Schuster
286,0,Lily Brekke
288,0,Brook McKenzie
298,1,Kim Reichert
301,281211,Lesly Luettgen
308,135431,Marilie Raynor III
310,0,Mr. Jan Simonis IV
311,87,Willy Ruecker
312,979856,Mr. Korbin Pollich P
313,780,Jacques Smith
331,29,Yadira Baumbach
332,0,Jalyn Eichmann
340,1,Lorine Leuschke IV
344,2147483647,Donnell Wehner
350,243842,Tremaine Maggio MD
353,0,Issac Ullrich
361,634352,Prof. Garrett Aufder
377,72,Koby Pacocha
378,940687,Alvera Bergnaum
387,2147483647,Mrs. Earlene Lueilwi
402,51,Bruce Schneider
404,1601579237,Miss Katrina Kshleri
407,0,Adeline Brown
416,1,Emmanuel Treutel
441,0,Mr. Hilario Mohr V
447,15,Maximo Bechtelar
457,739098,Ernestine Vandervort
458,375,Prof. Gaetano Ferry 
468,723040,Jacinthe Borer I
482,0,Ms. Cecelia Spinka I
483,579,Rocio Schowalter
494,0,Roger Rutherford
496,2147483647,Nicolas Steuber
522,95,Dr. Kelvin Rolfson V
524,0,Vita Bode
532,0,Paris Sipes
533,2147483647,Derrick Hayes Jr.
538,1,Mr. Jasper Pollich
548,2147483647,Queen Gulgowski IV
551,708550,Jayden Maggio
557,445,Estelle Kuhlman
559,1,Guy Jast
568,2147483647,Dr. Seth Stokes
571,341,Dr. Margarete Veum D
575,2147483647,Devonte Blick
582,787662,Vita Hilll
583,0,Destany Marks
586,827,Lelah Hahn
587,0,Cooper Nolan
592,193116,Adolf Christiansen
599,1,Estelle Hoeger
600,0,Timothy Romaguera
607,2147483647,Prof. Fritz Gerlach
613,538681,Kellen Kozey
615,1,Francis Harris
621,1,Erich Schuster II
623,1,Ms. Maye Bednar DDS
627,663,Marilou Stokes
630,1,Janiya Kessler
637,2147483647,Nicolas Hickle
651,495,Dr. Hugh Rosenbaum D
654,726,Dr. Napoleon Lind
661,0,Carolanne Reinger
662,1,Gillian Hayes
663,142,Mervin Johnson
666,864,Ms. Karlie Connelly
669,322,Hailie McGlynn III
673,83,Luciano Raynor
680,22,Ruth Leffler
685,0,Tobin Bartell
713,641,Danial Deckow
714,2147483647,Toni Marvin MD
720,414952,Mrs. Renee Conn III
730,125673,Velva Kutch
731,543,Kasey Vandervort
738,1,Adolph Ledner DDS
745,1,Elfrieda Koepp
752,1,Jeffry Schumm
761,0,Syble Marks III
766,1,Shaylee Ferry DVM
771,1124533002,Prof. Greyson Thomps
781,2147483647,Marisa Watsica
796,0,Dario Sanford
797,368,Maymie Hegmann Sr.
800,1,Carter Jakubowski II
806,808184,Prof. Donnell Consid
808,0,Cierra Cummings
812,815,Prof. Alfreda Runolf
814,600658,Ramiro Gusikowski
817,658363,Richie Homenick
820,749088,Favian Hauck
824,259,Samson Jaskolski
836,1,Miss Hilda Hauck
843,343838,Mrs. Kiarra Steuber
868,0,Mrs. Marguerite Ullr
871,575836,Audreanne Bergnaum
875,928,Maximilian Davis Sr.
877,554,Dr. Silas Tromp MD
879,1,Kariane Batz
884,0,Merle Roob DVM
886,0,Dr. Alene O'Conner D
899,474,Prof. Genesis Kilbac
914,896538,Mrs. Kaylie Spencer 
921,45,Nash Smitham
925,0,Jettie Hilll
929,425806,Gonzalo Heidenreich
940,0,Ms. Christine Buckri
943,770,Dayna Mohr MD
957,1,Deja D'Amore
960,856,Jennings Bosco
961,1,Frances Koss
967,2147483647,Danyka Hauck V
974,1,Mr. Jo Mills
975,52266,Mr. Newton Watsica J
981,0,Prof. Elbert Winthei
983,360729,Jaqueline Gleichner
985,987176,Nathaniel Orn
989,296375,Dr. Muriel West PhD
994,689681,Alfreda Metz III
998,29312,Gilda Hermann V
1164,35254,Annalise Hirthe
1165,1,Kay Trantow
1173,130,Clifton Marvin
1174,1,Roscoe Huels
1275,915830,Mrs. Peggie Bins
1324,0,Vena Hilpert
1417,444231,Prof. Joaquin Prosac
1469,367,Dr. Paris Thiel
1490,1,Emma Senger
1667,0,Herbert Prohaska
1724,377234,Miss Savanah Torp II
1775,38,Toby Greenfelder
1969,1,Mrs. Connie DuBuque 
2110,403154,Ms. Emma Murazik V
2113,0,William Hand
2125,804,Krystel Jones
2138,85,Prof. Savanah Mohr P
2158,1,Dewayne Bogan
2202,823,Dr. Wiley Klein
2332,503,Alessia Nader MD
2382,0,Simeon McGlynn
2465,4822,Dr. Derick Mosciski 
2552,0,Bette Larson
2784,0,Ashlynn Mayert
2790,701,Miss Nadia Schumm II
2902,1,Kelton Gerhold Jr.
2948,1,Prof. Arjun Lindgren
2974,1,Geovanni Will
3000,2147483647,Augusta Brakus
3044,806937,Cordelia Gibson
3200,155,Mathias Ledner
3344,1,Lexus Thompson
3381,7,Wilburn Wiza
3456,190,Rudy Kirlin
3500,441,Ms. Althea Carroll
3567,710489,Dr. Marc Grimes PhD
3617,1,Alexane Schinner
3673,0,Darian Beahan MD
3702,1,Hunter Kshlerin
3914,752611,Mrs. Ava Mante DVM
4008,1,Lydia Harris
4067,1,Edythe Heaney
4112,2147483647,Ms. Kavon Hickle PhD
4174,0,Mayra Little V
4221,0,Abigale O'Kon
4439,461,Eleanore Schinner
4529,36,Janice Fritsch
4661,1,Jan Renner
4677,0,Abdullah Feil
4694,93,General D'Amore
4701,440,Monte Kirlin DVM
4779,691,Yadira Auer
4811,766,Bertha Satterfield V
4943,0,Dr. Javon Smitham II
4964,1,Mrs. Edyth Witting M
4982,2147483647,Hector Stamm PhD
5138,0,Dario Orn
5218,0,Jayme Bartell
5221,21,Leland Kunze
5419,9,Tad Stamm II
5526,873,Yoshiko McKenzie
5589,2147483647,Rahsaan Muller III
5591,0,Prof. Mable Wehner V
5626,1,Lucinda Schuster
5632,0,Maximo Gutkowski
5677,195119,Chasity Metz
5780,9,Orin Lindgren
5919,1,Steve Kuhn
5951,103,Fatima Larson
6021,417149,Kenna Littel
6025,296,Ward Hane Sr.
6059,12,Ms. Thea Spencer
6158,909102,Prof. Jedediah Quigl
6248,884,Mrs. Lolita Kutch
6325,1,Stewart Altenwerth
6402,555,Cristal Rippin Sr.
6463,1,Leopoldo O'Connell I
6665,1,Miss Sadie Kessler
6744,1,Ervin Ankunding
6749,0,Prof. Orin Kreiger
6766,945931,Quentin Schaefer
6791,1,Linwood Rogahn
6810,1,Katrina Hyatt
6893,1,Modesto Corwin
6952,395090,Mrs. Savanah Stamm I
6962,905944,Gianni Zulauf Jr.
7107,1,Adonis Morissette
7118,0,Mrs. Icie Considine 
7199,426,Garett Walker
7264,753469,Mr. Dorian Flatley
7356,518,Dr. Abbey Johns Sr.
7358,1164856406,Joesph Boyer
7429,572181,Clinton Hills V
7436,0,Jacinthe Schroeder I
7527,62,Prof. Melany Bernier
7603,2147483647,Zachariah Konopelski
7717,433424,Bethel Keebler
7795,164228,Ms. Alivia Gorczany
7903,898,Stanley Heaney
7927,14,Susana Wolff
7950,398,Luisa Fadel
7952,0,Miracle Jacobson
7969,0,Earlene Abernathy
8073,802,Miss Lavada Gulgowsk
8156,1,Loyce Swaniawski
8266,2147483647,Carmela Kunde
8281,255140,Duncan Bernier V
8305,0,Dr. Winifred Rempel
8327,436753,Matt Ziemann
8425,693909,Jeffry Wintheiser
8464,1,Karlee Stark
8480,1,Xander Purdy
8507,0,Arnulfo Willms
8672,0,Dr. Lelia Balistreri
8716,0,Kirk Reichel
8770,676,Dr. Rex Skiles Jr.
8851,73,Ciara Bashirian III
8859,0,Issac Grimes
8877,1,Clair Brakus
9027,0,Kassandra Raynor
9069,1,Santiago Labadie
9225,1,Mariana Bechtelar
9239,1,Elda Prosacco
9286,8,Nyah Waters
9289,2147483647,Camron Abernathy
9424,0,Jannie Lowe
9535,0,Eriberto Feest
9571,40141,Ara Hudson
9655,1,Davion Thiel
9737,24,Augustine Kautzer
9976,1,Baby Ebert
10062,1,Jeanie Ferry IV
10466,885736,Prof. Taylor Walsh
10821,43,Nola Powlowski
12398,1,Torey Pacocha
13008,162,Miss Noemie Rempel M
13245,70,Ashlynn Reichert
14083,42,Roosevelt Hoeger
14892,1,Mrs. Abbie Hettinger
15297,2147483647,Sebastian Crona
17003,0,Karley Welch
17030,921498,Randall Strosin
17172,620279602,Kianna Hyatt
17179,944427,Miss Meredith Price
18008,0,Marjory Moen
19854,716146,Earline Bednar PhD
20060,531947,Mrs. Shemar Walker
20697,0,Glennie Kozey
21032,0,Bulah Waelchi
21367,2147483647,Taurean Bode
21552,817844,Amber Walsh DVM
21624,0,Rosemarie Stokes Jr.
22189,119610,Chaim Rippin
22766,361,Dora Hilpert
23257,993,Prof. Dorthy Ankundi
23426,2147483647,Casandra Nitzsche
24284,954848,Dr. Alphonso Bins II
24706,0,Eda Breitenberg
25257,802317,River Collins
25745,1,Ms. Willie Senger II
26482,692,Leopold Johnston
27577,1,Dr. Selmer Johnston 
30012,1,Priscilla Wuckert
30210,1,Ms. Tamia Watsica Ph
30273,2147483647,Mario Goyette
30668,224216,Ardella Heaney V
31348,2147483647,Dr. Percy Towne
31431,1,Dr. Lorna Gerlach
32205,341088,Adolphus Hagenes I
33367,1,John Mosciski
33479,1,Ellie Purdy
33483,74,Prof. Jerry Abernath
34825,991468,Dr. Adelia Haag
35547,348051,Mr. Devyn Kautzer
36150,454,Mrs. Ariane Friesen 
37730,0,Lila Stokes
39415,1,Wyatt Keeling PhD
39620,852229,Alison Jacobs
40299,2147483647,Jennyfer Simonis
40343,277,Jazmyne Nikolaus
40630,46600,Dr. Raquel McDermott
40935,709295,Lorenz Vandervort
41501,1,Evans Runolfsson
43965,850,Coty Hudson
44780,0,Randall Ferry
44820,0,Collin Krajcik
45857,0,Meredith Gerhold
46703,443,Veronica Schultz
48389,31506,Mr. Greg Ebert
48947,33,Mitchel Green
48990,594671,Asa Kautzer
49062,47,Prof. Pamela Moen
49220,1152411613,Dr. Marco Willms Sr.
49832,2147483647,Angeline Turcotte DD
50796,920835,Freddy Wyman
50905,1,Dillan Carroll
51103,310,Margarita Keebler
52225,0,Consuelo Predovic
53961,993928,Miss Anjali Jacobi
54557,0,Tito Howell
54660,185,Dr. Ralph Beer DVM
56083,2147483647,Dante Bernier
58596,621082,Dr. Bonnie Douglas
58885,466,Madge Balistreri V
59427,1,Mr. Dashawn Halvorso
59989,505,Miss Clementine Runt
60073,18,Ruben Goodwin
60250,38,Reta Roob
61306,1,Doris Brown
61789,1283530318,Prof. Jayde D'Amore
63098,1,Robbie Smitham
63241,42,Mrs. Leora Kihn MD
65182,97,Olen Rodriguez
65522,465101,Dr. Grant Kris II
68628,1,Annalise Dooley
69382,161,Maritza Labadie
70354,1,Joesph Schmitt
71020,2147483647,Hayley Kuhlman
71078,2147483647,Candice Armstrong
71210,0,Judah Ondricka
71282,0,Euna Keebler
72280,147375,Thea Hermiston
72322,0,Dr. Haskell Spencer 
73182,0,Antonina Lebsack
73540,37,Rhianna Volkman
74644,693,Dr. Wilfrid Dickinso
74920,954,Trycia Auer
75259,168723,Okey Hammes
75953,302552,Ivory Muller
77745,1,Angela Lynch III
77797,0,Alaina Schmeler
77864,75711,Adelbert Kessler
78136,1,Alyson Miller
78921,870,Gerson Mills
79763,92,Hailie Keeling
80096,0,Finn Hahn MD
80529,709,Dane Will
80993,0,Ottis Glover
81732,961313,Mr. Bernhard Senger 
82502,1,Dr. Paul Purdy
82563,291,Sigmund Mitchell
83524,1,Maynard Sauer
83847,369109,Prof. Garrick Ondric
85026,266366,Marilou Bernhard PhD
86813,1,Johnny Abshire
88984,61,Chandler Turcotte
89407,2147483647,Kaleigh Kirlin
90504,47,Lila Cummerata
90537,0,Brooklyn Schmidt
91016,321621,Mr. Edd Bashirian Sr
91444,0,Mr. Geovany Wilderma
91483,54084,Miss Hellen Kohler
92286,681,Everett Glover
93009,608,Efrain Boehm
93645,805,Kenny Murray
94243,0,Prof. Consuelo Stros
94302,0,Kristina Anderson
94504,0,Kian Tillman
95068,878953,Rosina Murray
95699,2147483647,Mr. Louvenia Klocko 
98035,526382,Kenna Abbott II
98447,0,Eugene Boyle
99011,890,Miss Karine Senger
99083,1,Paige Kub
102287,672,Iliana Cremin PhD
106081,221,Jesus Mills
106805,652,Simeon Parker
109373,765083,Sydnee Streich
113851,414821,Ms. Meggie Gorczany 
130823,569,Geovany Hane
146660,961662699,Prof. Bart Pouros
162990,2147483647,Kaci Wuckert Jr.
166523,32,Prof. Reanna Walsh
171182,257,Damian Spinka
172366,100,Adonis Nienow
192617,710279,Rodrick Vandervort D
204719,882,Anissa Smith
210723,0,Dr. Ludie McDermott
215528,706,Dr. Enoch Kulas
218176,1,Annetta Lebsack
222431,278,Mr. Jillian Quigley
244732,937,Prof. Kristofer Terr
246436,0,Marc Reichert
247813,1,Janie Emmerich
266565,2147483647,Jacinto Carroll
270302,1,Prof. Henderson Town
271184,0,Ashtyn Hansen
289668,2147483647,Napoleon Hirthe
292307,0,Prof. Kelly Considin
293609,1,Delphia Conroy
308332,2147483647,Hilma Feil
325717,1,Flavio Hoppe
330565,0,Bridgette Huels
331169,1,Raquel Hahn
343679,1,Dawn Gottlieb
349160,809117,Carmen Hayes
352787,943,Jeanie Runolfsdottir
356471,210304,Onie Rosenbaum
361052,344798,Burdette Block
373042,0,Prof. Ron Rice IV
376757,0,Mr. Simeon Yost DDS
384234,0,Zack Torp
422183,1,Elenora Gutmann DDS
426842,1,Tito Ernser
427586,866951,Prof. Leo Medhurst I
427777,98,Flossie Yost
435961,0,Tillman Reichert
439623,0,Prof. Leonie Tillman
448055,294850,Prof. Rahsaan Shanah
451676,0,Roel Williamson
452272,332864,Mac Wilkinson
467019,739113,Malcolm Tremblay Jr.
467917,561470,Mrs. Sheila Okuneva
472493,0,Kamille Cremin
486307,1,Mrs. Jennyfer Wyman 
492700,0,Dr. Pierre Will
497794,142148,Alford Watsica DVM
501296,1,Brooke Steuber
517839,660615,Zena D'Amore
523554,0,Hilda Davis
531253,985436,Dr. Elmira Cronin II
535315,999,Frances Crona
541694,828,Sharon Hagenes
542842,842314,Miss Odessa Metz PhD
548483,652591,Lizzie Schneider
550979,1,Xander Senger
557025,886617,Norwood Tromp
557974,0,Nash Pagac
559777,89,Joaquin Bechtelar
566352,6,Destinee Stoltenberg
570003,150,Micah Ondricka II
573046,0,Sid Watsica IV
574337,912438,Leanna Heathcote I
590352,672960,Lonzo Anderson
593125,1,Marcelina Gerhold
593859,660,Milan Toy
597094,1,Mrs. Sibyl Wehner DD
604224,1,Prof. Tyreek Gutkows
608867,1,Easton Mann IV
609904,261657,Sigrid Shields
621714,0,Luther Fahey
624721,1,Alyson Grant
633639,38,Vada Sanford DDS
637399,48105,Dr. Kody Cole Sr.
645590,2003704183,Teagan Swaniawski
662793,0,Terry Metz
664872,0,Braxton Jacobson
687052,1,Prof. Edwina Ledner 
687495,0,Mrs. Brandy Stamm
691244,322,Prof. Pierre Zulauf
702584,728,Michele Ratke
710984,0,Kathlyn Barrows V
712314,922,Allie Stamm
714069,254706,Dr. Jaydon Koch II
726654,1,Mr. Trever Stracke
738568,1,Wilfred Gusikowski
748257,1,Justice Sauer
753810,771,Peter Mann
754562,2147483647,Gordon Boyle MD
766710,675,Olin Ledner
771119,1,Lydia Hand
775828,1,Ava Aufderhar
778264,882384,Simone Bogisich
781391,290084,Jerome Moore
786430,0,Braulio Kling
811474,1,Mrs. Brenna Hayes Sr
813482,878187,Mrs. Bianka DuBuque
820596,629,Shirley Hand
825080,371770,Christy Ryan
831348,528,Effie Hermiston III
837070,0,Erika Brekke
837788,0,Emily O'Kon
839547,1,Ms. Bulah Pagac PhD
839661,1,Herbert Luettgen
853926,1,Jonatan Schmitt MD
863579,186519,Armand Ankunding
865697,0,Dr. Lilliana Turner 
882833,32735,Mrs. Kendra Herzog D
882886,875,Lazaro Collins
888281,202,Dr. Rigoberto Rath
895595,2147483647,Kasey Streich
904177,1,Mr. Fletcher Crooks
923691,12,Miss Ardella Olson V
924835,1,Davin Gleason
926323,839223,Dejuan Lockman V
943036,269083,Rachel O'Keefe
951125,272518,Dr. Juanita Lind
952203,1,Dr. Nels Reynolds DD
962353,831,Dessie Connelly Sr.
965827,416,Tracy Heaney
979160,0,Mr. Elton Daugherty 
979687,932,Orpha Johns
982107,619,Anya Mertz
982922,0,Kaycee Simonis I
983176,497,Andre Bashirian
989335,88,Prof. Trevion Hintz 
996533,1,Mr. Norris Armstrong
1020264,145175930,Prof. Jesse Herman S
1031210,2147483647,Julien Gleichner
1044433,0,Beth Schmidt
1227198,17,Rodrick Langosh
1336507,1,Jedidiah Oberbrunner
1343962,928732,Edmund Bogan
1522875,1,Miss Taya Predovic
1547658,472,Marisol Carter
1618005,0,Dr. Mireya Reilly
1634549,181903,Dr. Josh Buckridge D
1643322,414,Lorine Pacocha
1672146,1,Mrs. Josie O'Reilly
1686134,0,Dr. Gaston McKenzie
1771180,53,Maybell Schimmel
1806020,1,Taurean Hand
1902222,171869,Dr. Bette Gottlieb D
1917486,0,Kayli Zboncak Jr.
1941838,0,Mr. Johnpaul Predovi
2094528,669645,Evalyn Dooley
2105930,901915,Leland Jast
2118027,0,Dr. Tremaine Pollich
2122986,1,Keshaun Wolf
2153619,0,Mr. Myles Hamill
2342683,243600,Ayla Streich
2395931,35616,Broderick Heathcote
2442216,643,Trace Kuhic I
2647836,0,Dr. Kelly Sipes I
2735325,0,Sherwood Collier
2832990,2048583323,Karolann Mertz
2866837,607619,Vern Labadie
3047427,1,Dr. Jaycee Rutherfor
3201467,352371263,Jaylin Kemmer
3216515,457,Prof. Dale Bartell
3253627,200625,Donna Kohler DDS
3367498,1,Emerald Trantow
3386028,19,Michelle Grimes
3429405,84,Dr. Christy Koch Jr.
3439491,949124771,Dixie Gusikowski DVM
3604898,121879,Boyd Roob
3647133,2147483647,Marquise Quitzon
3687769,544065,Mr. Darron Dooley DD
3835864,602848,Buck Kerluke
3838211,0,Miss Anahi Gleichner
4110209,1,Mellie Heller
4132675,1,Niko Weber
4136192,0,Clara Barrows
4172242,0,Joany Smith I
4247538,969,Blaze Kilback
4280683,711,Mr. Alfonso Beer
4289532,1,Desiree Klein
4314092,27712,Dr. Larue Rempel IV
4320339,1,Sherwood Ziemann
4550301,0,Melyssa Schumm
4668778,987,Ms. Ena Beatty
4697901,1,Prof. Scottie Hickle
4714874,190331,Leonardo Gulgowski
4759222,1,Dr. Brennon McCullou
4776624,940597,Mavis Funk
4824705,823953,Miss Hermina Nikolau
4922065,1,Marielle Abbott
5239546,362,Ms. Thalia O'Connell
5338044,947047,Paris Wolf
5348268,0,Irma Hessel
5358596,493460,Dr. Avery Hodkiewicz
5433610,597101,Maurice Hintz
5492322,0,Heloise Shields
5575259,0,Mikayla Quitzon
5649736,918,Dalton Braun
5657476,9,Miss Hettie Beahan I
5749510,80611,Braden Wolff
5787685,306674,Rafael White
5811735,0,Wanda Aufderhar
5884325,970094,Ayla Huels
5916430,8,Jaycee Walter
5952110,1,Keshaun Cassin Jr.
6175362,1,Mr. Donald Collins J
6197568,1,Elouise Wehner
6257074,1,Leopoldo Lind IV
6268292,0,Myron Walsh
6299573,0,Prof. Donny Miller
6365071,897,Myrtis Torphy
6524874,2147483647,Jerod Hyatt
6617787,226,Gretchen Jacobs
6782004,0,Kacey Haley
6787512,0,Lizeth Johnson
6795809,25,Prof. Thea Runolfsso
6899871,1,Owen Bruen
6927661,2147483647,Lucas Abshire
7121710,98,Danika Feil II
7187300,249578,Kenyatta Wunsch
7262249,291648,Charlie Boehm
7648721,1,Prof. Bette Balistre
7703869,463334,Paige Moen
7761475,1,Tod Oberbrunner
7830146,1,Ozella Satterfield
7901696,2147483647,Jensen Murazik II
7963330,589255,Cynthia Prosacco
8005357,474,Mr. Kendall Lowe III
8061348,0,Meta Jones
8262372,267,Isai Pagac
8426028,50054,Cicero McLaughlin
8438452,5,Earlene Glover
8491803,1,Mrs. Bonnie Anderson
8505333,580,Prof. Jeffry Runte
8714709,305,America Russel
8718199,57,Abby Connelly
8857041,1,Mrs. Breanne Pfeffer
8892825,349,Lila Terry
9090272,687,Ms. Clementina Koch
9104318,421187,Mr. Cedrick Stoltenb
9131818,1,Dayton Feeney
9337437,1565223903,Prof. Frank Luettgen
9445522,2147483647,Garrett Kulas
9503179,1,Gerda Beahan
9543715,470811,Dr. Andres Wisoky
9585472,188,Alyson Daugherty
9694088,0,Melyna Hayes
9711710,1,Ben Blick
9777170,88,Ms. Miracle Hackett 
9850696,1,Kylee Hettinger I
9863353,669,Lori Leannon
9890505,784,Dr. Effie Grady V
9937853,5,Colton Bailey
9976219,560258,Eleanore Heller DVM
12521813,2147483647,Amber Kozey
13856456,322,Mr. Nils Kautzer
13991722,0,Mandy Kessler
14156900,1,Eliseo Mann
18445973,952472,Gillian Rutherford P
19530915,0,Americo Leuschke
21366828,1,Jeramie Wisoky Jr.
21480519,585,Dr. Giuseppe Jenkins
21557590,33277,Nils Bruen
23491057,37,Miss Mckayla Krajcik
23737864,0,Matilde Cartwright
23829431,8,Candice Boyer IV
24175324,1,Mr. Gage Reichel III
24746929,2,Sierra Volkman
24786242,523184,Leta Maggio
25254991,320,Viva Brekke
25519686,2147483647,Elmira Corwin
25551639,0,Clovis Miller
26256758,1,Domenico Fay
26815943,0,Carmen Ledner
27036211,1,Myra Brekke I
28713223,1,Ms. Katlyn Zulauf
29572739,0,Ryder Koch
30342346,1,Chase Fadel
30346758,26694216,Seamus Gerhold
30436198,32715,Mrs. Brooke Emmerich
30522162,296899284,Lisandro Fay DVM
30856493,10,Gloria Braun
32295517,349,Dr. Emery Denesik DV
32418043,814,Elvie Cronin
32568327,4,Mr. Steve Vandervort
32880499,369,Kim Pfannerstill
33055360,42851,Chaya Russel
33284933,1,Mr. Felton Leannon V
33719831,940,Prof. Elmer Rogahn D
33750964,693940,Carmine Wolff
33799831,1,Alejandra Roberts
34001272,203003427,Delores Graham
37715939,113,Prof. Jason Turcotte
37837763,363,Mr. Garret Ritchie M
39493643,706,Emmett Moen
40184807,0,Jakob Buckridge
42218905,391,Ms. Anita Huels MD
42481388,18,Dr. Hilbert Frami
43115342,613187,Lisette Mayer
44760429,2147483647,Sherwood Wiza
45076911,674686,Mrs. Rosanna Hegmann
45863498,814,Sierra O'Reilly
46807191,1,Rosalyn Gerlach
50065882,0,Dane Murray Sr.
50305134,508964,Brain Torp
50805819,1,Prof. Buford Gaylord
51947475,394963,Mrs. Jazmyn McGlynn
52350962,563909,Cornelius Jacobs
52952544,539341,Cecile Jakubowski
54244184,98,Mrs. Josianne Ebert 
54471493,0,Jeremie Koss
54579190,54,Magdalena Moore III
55955302,40,Mr. John Koelpin V
56832984,0,Brittany Crooks
58193886,1,Zackary Ratke
58745325,946715,Prof. Richmond Block
58937344,0,Yolanda Ritchie IV
59294646,2147483647,Rahul O'Reilly
60476662,5068,Mr. Reyes Huel
60723346,0,Corine Kris
61287033,428,Reuben Carroll
62042021,2147483647,Julie Emard
62562739,0,Chelsie Koch
62907902,581211,Prof. Reyes Zieme
63914795,179277,Orville Franecki III
64111265,512,Reagan Schaefer
64311132,757799,Ms. Marcella Ullrich
64524334,1,Tyrell Stokes V
64651119,142,Jan Schumm
66868958,1,Green Watsica
66883952,316381692,Layla Mills
66919558,148,Dock Cruickshank III
67705981,0,Dr. Walter Walker
70024711,34,Dixie Mraz
70424277,225,Soledad Hermann
70511537,2147483647,Dr. Vance Bode Sr.
70767410,41326,Dr. Schuyler Rempel
70956014,718,Dejuan Torphy
71336336,0,Doyle Larkin DVM
71544016,918852,Mr. Edison Cronin DD
73304596,1,Brisa Wintheiser
73409852,971767,Prof. Tyson Doyle I
76981389,74,Prof. Amber Douglas 
77863375,0,Darrell Flatley
78290964,0,Alexandria Schimmel
78497000,0,Dr. Angelica Crooks 
79821045,354,Prof. Adalberto Kund
79909920,718,Lance Luettgen
80909108,112119,Darron Frami
81145577,367675,Yolanda Goldner PhD
81219190,993,Meagan Hilpert
83422260,1,Tomas Bayer
83883901,540,Isaias Parisian
86309315,969,Clara Parisian
86608514,0,Freda Murray
86994847,1,Terrell Cronin
87875279,734,Orrin Hegmann
88262309,0,Donnell Gutmann
88571287,847668,Nya Ebert IV
89220791,0,Lilla Graham
89864305,945076,Stephon Herzog I
89973321,0,Emmanuelle Hoeger Ph
90610992,1,Bernhard Block
91374456,0,Esther Stroman
91543219,571,Austen Auer
91607647,0,Lonzo Haag
92060858,1,Yadira Kshlerin
93947317,1,Reese Reichel
95750093,1202445502,Delmer Boyer
98692094,74175,Prof. Percival Effer
100278650,0,Erik Dickinson
111080391,0,Rose Swaniawski III
121895543,62,Prof. Roxanne Koch I
122709231,1,Mr. Hayden Nitzsche
127022233,2147483647,Prof. Javon Reynolds
131813376,1,Melisa Stamm
132253638,778,Marge Braun
132658629,27,Prof. Alexander DuBu
147358131,0,Keaton Kuvalis
159313773,386,Delphia Kunde
169925507,229,Evan Balistreri II
180047810,0,Alba Gutmann
184249697,422668,Mr. Immanuel D'Amore
184421307,311590,Marta Kirlin
193641670,823,Savanah McKenzie
195477408,18,Erin Nikolaus I
196194016,368094,Ms. Serenity Wolff V
197782868,343,Dr. Federico Robel I
198508933,1,Sally Corwin
213446609,86,Ms. Destany Schmitt
218153177,0,Kim Jenkins
227649247,155,Garrison Davis
231889823,1,Wilhelmine Shields
251534519,1,Era Friesen
259109672,49,Miss Ilene Willms Sr
262531813,802416,Hazel Johnson
273123476,54,Adell Corwin
275336270,457,Armani Yundt
281635217,2147483647,Dr. Hipolito Moen II
295416979,729762,Xander Hills
299192485,0,Brody McGlynn
302736154,7,Wilfred Nolan
314593315,32,Mabelle Wisoky
317770686,569,Mrs. Lily Kuhlman II
321218270,2147483647,Cameron Conn
327804379,1,Prof. Osbaldo Baumba
344801052,0,Rodrick Kris
345901568,209011,Mr. Camren Crooks Jr
351155522,743020,Reece Wunsch
354637901,1788382629,Shaun Gerhold Jr.
361649574,0,Ms. Margret Veum MD
365857225,71,Prof. Jeffery Torphy
369358846,10,Abel Cole
375869831,284,Odie Kirlin
376926422,850,Kim Ondricka
378753172,0,Tyrique Bode
386779490,0,Damian Jacobi
388373877,500873,Dr. Estelle Wilkinso
390655393,864575,Roxane West
391974111,460271,Jaquelin Douglas
404012493,5414,Mrs. Jalyn Spencer S
408986806,1,Ms. Daphne Crona DDS
421466546,0,Dr. Jaclyn Bradtke
435974123,2147483647,Ibrahim Corwin
454879756,599653,Sheldon O'Keefe
457585602,20,Rolando Ebert
482223073,500,Wayne Harris MD
490877410,2147483647,Dr. Katelin Goyette 
510749705,0,Millie Emmerich
531969475,926,Lorenza Cole
536845983,0,Geoffrey Blanda IV
546999810,0,Reynold Thompson
556850298,87,Prof. Wade Abbott Ph
557624773,425180,Vivian Reichel
566491522,0,Katelin Reichert
569561472,1,Miguel Murray
580421541,0,Bridgette Hudson
585529201,414762,Erin Cronin
588736703,781973102,Ella Kling
601834893,782620,Ulices Kris Jr.
607878147,43,Golda Will
634181267,988,Bonnie Goyette
634410009,940437,Randy Murphy
634719740,1,Prof. Shany Runte IV
643788310,1,Dr. Reynold D'Amore
648303153,2147483647,Joesph Murray Jr.
654961599,633288,Tyra Mueller
662399903,697054,Fay Leuschke
664668812,0,Trenton Reynolds
679912471,303,Toby Robel
695180335,42,Kallie Hand IV
696448776,643754,Shaina Klein
698483232,0,Prof. Celestino Aufd
703691890,663,Agustin Schroeder Jr
707857532,595,Aron Maggio
708295439,964,Evangeline Abshire
719520290,705,Nicola Ernser
723308314,343,Prof. Hilton Schmitt
724390279,340,Clement Maggio
724955401,2147483647,Major Hamill
725152931,0,Herta Breitenberg
726691370,1,Dr. Schuyler Corwin
741071254,0,Mrs. Eula Heaney IV
751233800,862,Nikita Lueilwitz
752312671,31,Gust Kreiger
787328988,400222,Mafalda Donnelly
788155822,1,Lucienne Rodriguez
789554799,1,Dovie Gottlieb
794141898,0,Jed Breitenberg
796120245,0,Dr. Ressie Murphy
798179462,0,Herman Nikolaus
798904912,7,Mrs. Roselyn William
804264564,1,Prof. Clair Powlowsk
808448852,0,Elise Cormier
823679388,0,Chance Smith
825700059,778901,Dallas Spinka
826602938,70,Prof. Kennedi Marvin
828511225,1,Brendon Deckow
832256163,25,Ms. Ayla Flatley
833727203,0,Paxton Gerlach
851533223,701412236,Myrtie Boehm
853695456,1,Zelda Weber
861433972,1,Dawson Bartoletti
861584390,0,Emelie Kris
877268760,0,Mellie Lemke PhD
879843303,2147483647,Alessandro Bode MD
884222164,2147483647,Dr. Ethan Boyle
885573337,0,Waylon Prosacco III
889585841,662,Dr. Theron Lueilwitz
891740702,21,Prof. Mustafa Muelle
904333590,51,Mr. Cornell Schultz 
917249590,1,Prof. Roma Satterfie
921761826,551787,Lamar Brekke
928889484,490975,Francis Donnelly
931316142,1,Rebecca Botsford
936941388,492,Mr. Cary Koch II
953632911,83,Deontae Ondricka
961084705,1,Keira Leannon
968140296,37,Tamia Schimmel
970838999,996,Christy Smitham
977080385,148353,Coleman Gleason
998887517,251558,Belle Rodriguez DDS
